-- phpMyAdmin SQL Dump
-- version 5.2.2
-- https://www.phpmyadmin.net/
--
-- Servidor: localhost:3306
-- Tiempo de generación: 09-11-2025 a las 23:52:22
-- Versión del servidor: 11.4.8-MariaDB-ubu2404
-- Versión de PHP: 8.3.25

SET SQL_MODE = "NO_AUTO_VALUE_ON_ZERO";
START TRANSACTION;
SET time_zone = "+00:00";


/*!40101 SET @OLD_CHARACTER_SET_CLIENT=@@CHARACTER_SET_CLIENT */;
/*!40101 SET @OLD_CHARACTER_SET_RESULTS=@@CHARACTER_SET_RESULTS */;
/*!40101 SET @OLD_COLLATION_CONNECTION=@@COLLATION_CONNECTION */;
/*!40101 SET NAMES utf8mb4 */;

--
-- Base de datos: `davidguijarro_FINAL_GUIJARROCANO_DAVID`
--

-- --------------------------------------------------------

--
-- Estructura de tabla para la tabla `actividades`
--

CREATE TABLE `actividades` (
  `id` int(11) NOT NULL,
  `cliente_id` int(11) NOT NULL,
  `tipo` enum('Llamada','WhatsApp','Cita','Revisión') NOT NULL,
  `descripcion` text DEFAULT NULL,
  `fecha` date NOT NULL,
  `fecha_creacion` timestamp NOT NULL DEFAULT current_timestamp(),
  `completada` tinyint(4) DEFAULT 0
) ENGINE=InnoDB DEFAULT CHARSET=utf8mb4 COLLATE=utf8mb4_spanish_ci;

--
-- Volcado de datos para la tabla `actividades`
--

INSERT INTO `actividades` (`id`, `cliente_id`, `tipo`, `descripcion`, `fecha`, `fecha_creacion`, `completada`) VALUES
(1, 1, 'Llamada', 'Seguimiento fibra', '2025-11-10', '2025-11-09 22:33:11', 0),
(2, 2, 'WhatsApp', 'Enviar factura', '2025-11-11', '2025-11-09 22:33:11', 0),
(3, 3, 'Cita', 'Visita técnica', '2025-11-12', '2025-11-09 22:33:11', 0),
(4, 51, 'Llamada', 'VIP follow-up', '2025-11-10', '2025-11-09 22:33:11', 0),
(5, 1, 'Llamada', 'Llamada de seguimiento', '2025-11-10', '2025-11-09 22:34:28', 0),
(6, 2, 'WhatsApp', 'Enviar documentación', '2025-11-10', '2025-11-09 22:34:28', 0),
(7, 3, 'Cita', 'Visita a domicilio', '2025-11-11', '2025-11-09 22:34:28', 0),
(8, 4, 'Revisión', 'Revisión técnica', '2025-11-11', '2025-11-09 22:34:28', 0),
(9, 5, 'Llamada', 'Confirmar datos', '2025-11-12', '2025-11-09 22:34:28', 0),
(10, 6, 'WhatsApp', 'Enviar factura', '2025-11-12', '2025-11-09 22:34:28', 0),
(11, 7, 'Cita', 'Cita de atención', '2025-11-13', '2025-11-09 22:34:28', 0),
(12, 8, 'Revisión', 'Revisión de servicios', '2025-11-13', '2025-11-09 22:34:28', 0),
(13, 9, 'Llamada', 'Seguimiento post-venta', '2025-11-14', '2025-11-09 22:34:28', 0),
(14, 10, 'WhatsApp', 'Confirmación de entrega', '2025-11-14', '2025-11-09 22:34:28', 0),
(15, 11, 'Revisión', 'Actividad de seguimiento cliente 11', '2025-11-14', '2025-11-09 22:34:28', 0),
(16, 12, 'Llamada', 'Actividad de seguimiento cliente 12', '2025-11-15', '2025-11-09 22:34:28', 0),
(17, 13, 'WhatsApp', 'Actividad de seguimiento cliente 13', '2025-11-16', '2025-11-09 22:34:28', 0),
(18, 14, 'Cita', 'Actividad de seguimiento cliente 14', '2025-11-10', '2025-11-09 22:34:28', 0),
(19, 15, 'Revisión', 'Actividad de seguimiento cliente 15', '2025-11-11', '2025-11-09 22:34:28', 0),
(20, 16, 'Llamada', 'Actividad de seguimiento cliente 16', '2025-11-12', '2025-11-09 22:34:28', 0),
(21, 17, 'WhatsApp', 'Actividad de seguimiento cliente 17', '2025-11-13', '2025-11-09 22:34:28', 0),
(22, 18, 'Cita', 'Actividad de seguimiento cliente 18', '2025-11-14', '2025-11-09 22:34:28', 0),
(23, 19, 'Revisión', 'Actividad de seguimiento cliente 19', '2025-11-15', '2025-11-09 22:34:28', 0),
(24, 20, 'Llamada', 'Actividad de seguimiento cliente 20', '2025-11-16', '2025-11-09 22:34:28', 0),
(25, 21, 'WhatsApp', 'Actividad de seguimiento cliente 21', '2025-11-10', '2025-11-09 22:34:28', 0),
(26, 22, 'Cita', 'Actividad de seguimiento cliente 22', '2025-11-11', '2025-11-09 22:34:28', 0),
(27, 23, 'Revisión', 'Actividad de seguimiento cliente 23', '2025-11-12', '2025-11-09 22:34:28', 0),
(28, 24, 'Llamada', 'Actividad de seguimiento cliente 24', '2025-11-13', '2025-11-09 22:34:28', 0),
(29, 25, 'WhatsApp', 'Actividad de seguimiento cliente 25', '2025-11-14', '2025-11-09 22:34:28', 0),
(30, 26, 'Cita', 'Actividad de seguimiento cliente 26', '2025-11-15', '2025-11-09 22:34:28', 0),
(31, 27, 'Revisión', 'Actividad de seguimiento cliente 27', '2025-11-16', '2025-11-09 22:34:28', 0),
(32, 28, 'Llamada', 'Actividad de seguimiento cliente 28', '2025-11-10', '2025-11-09 22:34:28', 0),
(33, 29, 'WhatsApp', 'Actividad de seguimiento cliente 29', '2025-11-11', '2025-11-09 22:34:28', 0),
(34, 30, 'Cita', 'Actividad de seguimiento cliente 30', '2025-11-12', '2025-11-09 22:34:28', 0),
(35, 31, 'Revisión', 'Actividad de seguimiento cliente 31', '2025-11-13', '2025-11-09 22:34:28', 0),
(36, 32, 'Llamada', 'Actividad de seguimiento cliente 32', '2025-11-14', '2025-11-09 22:34:28', 0),
(37, 33, 'WhatsApp', 'Actividad de seguimiento cliente 33', '2025-11-15', '2025-11-09 22:34:28', 0),
(38, 34, 'Cita', 'Actividad de seguimiento cliente 34', '2025-11-16', '2025-11-09 22:34:28', 0),
(39, 35, 'Revisión', 'Actividad de seguimiento cliente 35', '2025-11-10', '2025-11-09 22:34:28', 0),
(40, 36, 'Llamada', 'Actividad de seguimiento cliente 36', '2025-11-11', '2025-11-09 22:34:28', 0),
(41, 37, 'WhatsApp', 'Actividad de seguimiento cliente 37', '2025-11-12', '2025-11-09 22:34:28', 0),
(42, 38, 'Cita', 'Actividad de seguimiento cliente 38', '2025-11-13', '2025-11-09 22:34:28', 0),
(43, 39, 'Revisión', 'Actividad de seguimiento cliente 39', '2025-11-14', '2025-11-09 22:34:28', 0),
(44, 40, 'Llamada', 'Actividad de seguimiento cliente 40', '2025-11-15', '2025-11-09 22:34:28', 0),
(45, 41, 'WhatsApp', 'Actividad de seguimiento cliente 41', '2025-11-16', '2025-11-09 22:34:28', 0),
(46, 42, 'Cita', 'Actividad de seguimiento cliente 42', '2025-11-10', '2025-11-09 22:34:28', 0),
(47, 43, 'Revisión', 'Actividad de seguimiento cliente 43', '2025-11-11', '2025-11-09 22:34:28', 0),
(48, 44, 'Llamada', 'Actividad de seguimiento cliente 44', '2025-11-12', '2025-11-09 22:34:28', 0),
(49, 45, 'WhatsApp', 'Actividad de seguimiento cliente 45', '2025-11-13', '2025-11-09 22:34:28', 0),
(50, 46, 'Cita', 'Actividad de seguimiento cliente 46', '2025-11-14', '2025-11-09 22:34:28', 0),
(51, 47, 'Revisión', 'Actividad de seguimiento cliente 47', '2025-11-15', '2025-11-09 22:34:28', 0),
(52, 48, 'Llamada', 'Actividad de seguimiento cliente 48', '2025-11-16', '2025-11-09 22:34:28', 0),
(53, 49, 'WhatsApp', 'Actividad de seguimiento cliente 49', '2025-11-10', '2025-11-09 22:34:28', 0),
(54, 50, 'Cita', 'Actividad de seguimiento cliente 50', '2025-11-11', '2025-11-09 22:34:28', 0),
(55, 52, 'Llamada', 'Actividad de seguimiento cliente 52', '2025-11-13', '2025-11-09 22:34:28', 0),
(56, 53, 'WhatsApp', 'Actividad de seguimiento cliente 53', '2025-11-14', '2025-11-09 22:34:28', 0),
(57, 54, 'Cita', 'Actividad de seguimiento cliente 54', '2025-11-15', '2025-11-09 22:34:28', 0),
(58, 55, 'Revisión', 'Actividad de seguimiento cliente 55', '2025-11-16', '2025-11-09 22:34:28', 0),
(59, 56, 'Llamada', 'Actividad de seguimiento cliente 56', '2025-11-10', '2025-11-09 22:34:28', 0),
(60, 57, 'WhatsApp', 'Actividad de seguimiento cliente 57', '2025-11-11', '2025-11-09 22:34:28', 0),
(61, 58, 'Cita', 'Actividad de seguimiento cliente 58', '2025-11-12', '2025-11-09 22:34:28', 0),
(62, 59, 'Revisión', 'Actividad de seguimiento cliente 59', '2025-11-13', '2025-11-09 22:34:28', 0),
(63, 60, 'Llamada', 'Actividad de seguimiento cliente 60', '2025-11-14', '2025-11-09 22:34:28', 0),
(64, 61, 'WhatsApp', 'Actividad de seguimiento cliente 61', '2025-11-15', '2025-11-09 22:34:28', 0),
(65, 62, 'Cita', 'Actividad de seguimiento cliente 62', '2025-11-16', '2025-11-09 22:34:28', 0),
(66, 63, 'Revisión', 'Actividad de seguimiento cliente 63', '2025-11-10', '2025-11-09 22:34:28', 0),
(67, 64, 'Llamada', 'Actividad de seguimiento cliente 64', '2025-11-11', '2025-11-09 22:34:28', 0),
(68, 65, 'WhatsApp', 'Actividad de seguimiento cliente 65', '2025-11-12', '2025-11-09 22:34:28', 0),
(69, 66, 'Cita', 'Actividad de seguimiento cliente 66', '2025-11-13', '2025-11-09 22:34:28', 0),
(70, 67, 'Revisión', 'Actividad de seguimiento cliente 67', '2025-11-14', '2025-11-09 22:34:28', 0),
(71, 68, 'Llamada', 'Actividad de seguimiento cliente 68', '2025-11-15', '2025-11-09 22:34:28', 0),
(72, 69, 'WhatsApp', 'Actividad de seguimiento cliente 69', '2025-11-16', '2025-11-09 22:34:28', 0),
(73, 70, 'Cita', 'Actividad de seguimiento cliente 70', '2025-11-10', '2025-11-09 22:34:28', 0),
(74, 71, 'Revisión', 'Actividad de seguimiento cliente 71', '2025-11-11', '2025-11-09 22:34:28', 0),
(75, 72, 'Llamada', 'Actividad de seguimiento cliente 72', '2025-11-12', '2025-11-09 22:34:28', 0),
(76, 73, 'WhatsApp', 'Actividad de seguimiento cliente 73', '2025-11-13', '2025-11-09 22:34:28', 0),
(77, 74, 'Cita', 'Actividad de seguimiento cliente 74', '2025-11-14', '2025-11-09 22:34:28', 0),
(78, 75, 'Revisión', 'Actividad de seguimiento cliente 75', '2025-11-15', '2025-11-09 22:34:28', 0),
(79, 76, 'Llamada', 'Actividad de seguimiento cliente 76', '2025-11-16', '2025-11-09 22:34:28', 0),
(80, 77, 'WhatsApp', 'Actividad de seguimiento cliente 77', '2025-11-10', '2025-11-09 22:34:28', 0),
(81, 78, 'Cita', 'Actividad de seguimiento cliente 78', '2025-11-11', '2025-11-09 22:34:28', 0),
(82, 79, 'Revisión', 'Actividad de seguimiento cliente 79', '2025-11-12', '2025-11-09 22:34:28', 0),
(83, 80, 'Llamada', 'Actividad de seguimiento cliente 80', '2025-11-13', '2025-11-09 22:34:28', 0),
(84, 81, 'WhatsApp', 'Actividad de seguimiento cliente 81', '2025-11-14', '2025-11-09 22:34:28', 0),
(85, 82, 'Cita', 'Actividad de seguimiento cliente 82', '2025-11-15', '2025-11-09 22:34:28', 0),
(86, 83, 'Revisión', 'Actividad de seguimiento cliente 83', '2025-11-16', '2025-11-09 22:34:28', 0),
(87, 84, 'Llamada', 'Actividad de seguimiento cliente 84', '2025-11-10', '2025-11-09 22:34:28', 0),
(88, 85, 'WhatsApp', 'Actividad de seguimiento cliente 85', '2025-11-11', '2025-11-09 22:34:28', 0),
(89, 86, 'Cita', 'Actividad de seguimiento cliente 86', '2025-11-12', '2025-11-09 22:34:28', 0),
(90, 87, 'Revisión', 'Actividad de seguimiento cliente 87', '2025-11-13', '2025-11-09 22:34:28', 0),
(91, 88, 'Llamada', 'Actividad de seguimiento cliente 88', '2025-11-14', '2025-11-09 22:34:28', 0),
(92, 89, 'WhatsApp', 'Actividad de seguimiento cliente 89', '2025-11-15', '2025-11-09 22:34:28', 0),
(93, 90, 'Cita', 'Actividad de seguimiento cliente 90', '2025-11-16', '2025-11-09 22:34:28', 0),
(94, 91, 'Revisión', 'Actividad de seguimiento cliente 91', '2025-11-10', '2025-11-09 22:34:28', 0),
(95, 92, 'Llamada', 'Actividad de seguimiento cliente 92', '2025-11-11', '2025-11-09 22:34:28', 0),
(96, 93, 'WhatsApp', 'Actividad de seguimiento cliente 93', '2025-11-12', '2025-11-09 22:34:28', 0),
(97, 94, 'Cita', 'Actividad de seguimiento cliente 94', '2025-11-13', '2025-11-09 22:34:28', 0),
(98, 95, 'Revisión', 'Actividad de seguimiento cliente 95', '2025-11-14', '2025-11-09 22:34:28', 0),
(99, 96, 'Llamada', 'Actividad de seguimiento cliente 96', '2025-11-15', '2025-11-09 22:34:28', 0),
(100, 97, 'WhatsApp', 'Actividad de seguimiento cliente 97', '2025-11-16', '2025-11-09 22:34:28', 0),
(101, 98, 'Cita', 'Actividad de seguimiento cliente 98', '2025-11-10', '2025-11-09 22:34:28', 0),
(102, 99, 'Revisión', 'Actividad de seguimiento cliente 99', '2025-11-11', '2025-11-09 22:34:28', 0),
(103, 100, 'Llamada', 'Actividad de seguimiento cliente 100', '2025-11-12', '2025-11-09 22:34:28', 0),
(104, 101, 'WhatsApp', 'Actividad de seguimiento cliente 101', '2025-11-13', '2025-11-09 22:34:28', 0),
(105, 102, 'Cita', 'Actividad de seguimiento cliente 102', '2025-11-14', '2025-11-09 22:34:28', 0),
(106, 103, 'Revisión', 'Actividad de seguimiento cliente 103', '2025-11-15', '2025-11-09 22:34:28', 0),
(107, 104, 'Llamada', 'Actividad de seguimiento cliente 104', '2025-11-16', '2025-11-09 22:34:28', 0),
(108, 105, 'WhatsApp', 'Actividad de seguimiento cliente 105', '2025-11-10', '2025-11-09 22:34:28', 0),
(109, 106, 'Cita', 'Actividad de seguimiento cliente 106', '2025-11-11', '2025-11-09 22:34:28', 0),
(110, 107, 'Revisión', 'Actividad de seguimiento cliente 107', '2025-11-12', '2025-11-09 22:34:28', 0),
(111, 108, 'Llamada', 'Actividad de seguimiento cliente 108', '2025-11-13', '2025-11-09 22:34:28', 0),
(112, 109, 'WhatsApp', 'Actividad de seguimiento cliente 109', '2025-11-14', '2025-11-09 22:34:28', 0),
(113, 110, 'Cita', 'Actividad de seguimiento cliente 110', '2025-11-15', '2025-11-09 22:34:28', 0),
(114, 111, 'Revisión', 'Actividad de seguimiento cliente 111', '2025-11-16', '2025-11-09 22:34:28', 0),
(115, 112, 'Llamada', 'Actividad de seguimiento cliente 112', '2025-11-10', '2025-11-09 22:34:28', 0),
(116, 113, 'WhatsApp', 'Actividad de seguimiento cliente 113', '2025-11-11', '2025-11-09 22:34:28', 0),
(117, 114, 'Cita', 'Actividad de seguimiento cliente 114', '2025-11-12', '2025-11-09 22:34:28', 0),
(118, 115, 'Revisión', 'Actividad de seguimiento cliente 115', '2025-11-13', '2025-11-09 22:34:28', 0),
(119, 116, 'Llamada', 'Actividad de seguimiento cliente 116', '2025-11-14', '2025-11-09 22:34:28', 0),
(120, 117, 'WhatsApp', 'Actividad de seguimiento cliente 117', '2025-11-15', '2025-11-09 22:34:28', 0),
(121, 118, 'Cita', 'Actividad de seguimiento cliente 118', '2025-11-16', '2025-11-09 22:34:28', 0),
(122, 119, 'Revisión', 'Actividad de seguimiento cliente 119', '2025-11-10', '2025-11-09 22:34:28', 0),
(123, 120, 'Llamada', 'Actividad de seguimiento cliente 120', '2025-11-11', '2025-11-09 22:34:28', 0),
(124, 121, 'WhatsApp', 'Actividad de seguimiento cliente 121', '2025-11-12', '2025-11-09 22:34:28', 0),
(125, 122, 'Cita', 'Actividad de seguimiento cliente 122', '2025-11-13', '2025-11-09 22:34:28', 0),
(126, 123, 'Revisión', 'Actividad de seguimiento cliente 123', '2025-11-14', '2025-11-09 22:34:28', 0),
(127, 124, 'Llamada', 'Actividad de seguimiento cliente 124', '2025-11-15', '2025-11-09 22:34:28', 0),
(128, 125, 'WhatsApp', 'Actividad de seguimiento cliente 125', '2025-11-16', '2025-11-09 22:34:28', 0),
(129, 126, 'Cita', 'Actividad de seguimiento cliente 126', '2025-11-10', '2025-11-09 22:34:28', 0),
(130, 127, 'Revisión', 'Actividad de seguimiento cliente 127', '2025-11-11', '2025-11-09 22:34:28', 0),
(131, 128, 'Llamada', 'Actividad de seguimiento cliente 128', '2025-11-12', '2025-11-09 22:34:28', 0),
(132, 129, 'WhatsApp', 'Actividad de seguimiento cliente 129', '2025-11-13', '2025-11-09 22:34:28', 0),
(133, 130, 'Cita', 'Actividad de seguimiento cliente 130', '2025-11-14', '2025-11-09 22:34:28', 0),
(134, 131, 'Revisión', 'Actividad de seguimiento cliente 131', '2025-11-15', '2025-11-09 22:34:28', 0),
(135, 132, 'Llamada', 'Actividad de seguimiento cliente 132', '2025-11-16', '2025-11-09 22:34:28', 0),
(136, 133, 'WhatsApp', 'Actividad de seguimiento cliente 133', '2025-11-10', '2025-11-09 22:34:28', 0),
(137, 134, 'Cita', 'Actividad de seguimiento cliente 134', '2025-11-11', '2025-11-09 22:34:28', 0),
(138, 135, 'Revisión', 'Actividad de seguimiento cliente 135', '2025-11-12', '2025-11-09 22:34:28', 0),
(139, 136, 'Llamada', 'Actividad de seguimiento cliente 136', '2025-11-13', '2025-11-09 22:34:28', 0),
(140, 137, 'WhatsApp', 'Actividad de seguimiento cliente 137', '2025-11-14', '2025-11-09 22:34:28', 0),
(141, 138, 'Cita', 'Actividad de seguimiento cliente 138', '2025-11-15', '2025-11-09 22:34:28', 0),
(142, 139, 'Revisión', 'Actividad de seguimiento cliente 139', '2025-11-16', '2025-11-09 22:34:28', 0),
(143, 140, 'Llamada', 'Actividad de seguimiento cliente 140', '2025-11-10', '2025-11-09 22:34:28', 0),
(144, 141, 'WhatsApp', 'Actividad de seguimiento cliente 141', '2025-11-11', '2025-11-09 22:34:28', 0),
(145, 142, 'Cita', 'Actividad de seguimiento cliente 142', '2025-11-12', '2025-11-09 22:34:28', 0),
(146, 143, 'Revisión', 'Actividad de seguimiento cliente 143', '2025-11-13', '2025-11-09 22:34:28', 0),
(147, 144, 'Llamada', 'Actividad de seguimiento cliente 144', '2025-11-14', '2025-11-09 22:34:28', 0),
(148, 145, 'WhatsApp', 'Actividad de seguimiento cliente 145', '2025-11-15', '2025-11-09 22:34:28', 0),
(149, 146, 'Cita', 'Actividad de seguimiento cliente 146', '2025-11-16', '2025-11-09 22:34:28', 0),
(150, 147, 'Revisión', 'Actividad de seguimiento cliente 147', '2025-11-10', '2025-11-09 22:34:28', 0),
(151, 148, 'Llamada', 'Actividad de seguimiento cliente 148', '2025-11-11', '2025-11-09 22:34:28', 0),
(152, 149, 'WhatsApp', 'Actividad de seguimiento cliente 149', '2025-11-12', '2025-11-09 22:34:28', 0),
(153, 150, 'Cita', 'Actividad de seguimiento cliente 150', '2025-11-13', '2025-11-09 22:34:28', 0),
(154, 151, 'Revisión', 'Actividad de seguimiento cliente 151', '2025-11-14', '2025-11-09 22:34:28', 0),
(155, 152, 'Llamada', 'Actividad de seguimiento cliente 152', '2025-11-15', '2025-11-09 22:34:28', 0),
(156, 153, 'WhatsApp', 'Actividad de seguimiento cliente 153', '2025-11-16', '2025-11-09 22:34:28', 0),
(157, 154, 'Cita', 'Actividad de seguimiento cliente 154', '2025-11-10', '2025-11-09 22:34:28', 0),
(158, 155, 'Revisión', 'Actividad de seguimiento cliente 155', '2025-11-11', '2025-11-09 22:34:28', 0),
(159, 156, 'Llamada', 'Actividad de seguimiento cliente 156', '2025-11-12', '2025-11-09 22:34:28', 0),
(160, 157, 'WhatsApp', 'Actividad de seguimiento cliente 157', '2025-11-13', '2025-11-09 22:34:28', 0),
(161, 158, 'Cita', 'Actividad de seguimiento cliente 158', '2025-11-14', '2025-11-09 22:34:28', 0),
(162, 159, 'Revisión', 'Actividad de seguimiento cliente 159', '2025-11-15', '2025-11-09 22:34:28', 0),
(163, 160, 'Llamada', 'Actividad de seguimiento cliente 160', '2025-11-16', '2025-11-09 22:34:28', 0),
(164, 161, 'WhatsApp', 'Actividad de seguimiento cliente 161', '2025-11-10', '2025-11-09 22:34:28', 0),
(165, 162, 'Cita', 'Actividad de seguimiento cliente 162', '2025-11-11', '2025-11-09 22:34:28', 0),
(166, 163, 'Revisión', 'Actividad de seguimiento cliente 163', '2025-11-12', '2025-11-09 22:34:28', 0),
(167, 164, 'Llamada', 'Actividad de seguimiento cliente 164', '2025-11-13', '2025-11-09 22:34:28', 0),
(168, 165, 'WhatsApp', 'Actividad de seguimiento cliente 165', '2025-11-14', '2025-11-09 22:34:28', 0),
(169, 166, 'Cita', 'Actividad de seguimiento cliente 166', '2025-11-15', '2025-11-09 22:34:28', 0),
(170, 167, 'Revisión', 'Actividad de seguimiento cliente 167', '2025-11-16', '2025-11-09 22:34:28', 0),
(171, 168, 'Llamada', 'Actividad de seguimiento cliente 168', '2025-11-10', '2025-11-09 22:34:28', 0),
(172, 169, 'WhatsApp', 'Actividad de seguimiento cliente 169', '2025-11-11', '2025-11-09 22:34:28', 0),
(173, 170, 'Cita', 'Actividad de seguimiento cliente 170', '2025-11-12', '2025-11-09 22:34:28', 0),
(174, 171, 'Revisión', 'Actividad de seguimiento cliente 171', '2025-11-13', '2025-11-09 22:34:28', 0),
(175, 172, 'Llamada', 'Actividad de seguimiento cliente 172', '2025-11-14', '2025-11-09 22:34:28', 0),
(176, 173, 'WhatsApp', 'Actividad de seguimiento cliente 173', '2025-11-15', '2025-11-09 22:34:28', 0),
(177, 174, 'Cita', 'Actividad de seguimiento cliente 174', '2025-11-16', '2025-11-09 22:34:28', 0),
(178, 175, 'Revisión', 'Actividad de seguimiento cliente 175', '2025-11-10', '2025-11-09 22:34:28', 0),
(179, 176, 'Llamada', 'Actividad de seguimiento cliente 176', '2025-11-11', '2025-11-09 22:34:28', 0),
(180, 177, 'WhatsApp', 'Actividad de seguimiento cliente 177', '2025-11-12', '2025-11-09 22:34:28', 0),
(181, 178, 'Cita', 'Actividad de seguimiento cliente 178', '2025-11-13', '2025-11-09 22:34:28', 0),
(182, 179, 'Revisión', 'Actividad de seguimiento cliente 179', '2025-11-14', '2025-11-09 22:34:28', 0),
(183, 180, 'Llamada', 'Actividad de seguimiento cliente 180', '2025-11-15', '2025-11-09 22:34:28', 0),
(184, 181, 'WhatsApp', 'Actividad de seguimiento cliente 181', '2025-11-16', '2025-11-09 22:34:28', 0),
(185, 182, 'Cita', 'Actividad de seguimiento cliente 182', '2025-11-10', '2025-11-09 22:34:28', 0),
(186, 183, 'Revisión', 'Actividad de seguimiento cliente 183', '2025-11-11', '2025-11-09 22:34:28', 0),
(187, 184, 'Llamada', 'Actividad de seguimiento cliente 184', '2025-11-12', '2025-11-09 22:34:28', 0),
(188, 185, 'WhatsApp', 'Actividad de seguimiento cliente 185', '2025-11-13', '2025-11-09 22:34:28', 0),
(189, 186, 'Cita', 'Actividad de seguimiento cliente 186', '2025-11-14', '2025-11-09 22:34:28', 0),
(190, 187, 'Revisión', 'Actividad de seguimiento cliente 187', '2025-11-15', '2025-11-09 22:34:28', 0),
(191, 188, 'Llamada', 'Actividad de seguimiento cliente 188', '2025-11-16', '2025-11-09 22:34:28', 0),
(192, 189, 'WhatsApp', 'Actividad de seguimiento cliente 189', '2025-11-10', '2025-11-09 22:34:28', 0),
(193, 190, 'Cita', 'Actividad de seguimiento cliente 190', '2025-11-11', '2025-11-09 22:34:28', 0),
(194, 191, 'Revisión', 'Actividad de seguimiento cliente 191', '2025-11-12', '2025-11-09 22:34:28', 0),
(195, 192, 'Llamada', 'Actividad de seguimiento cliente 192', '2025-11-13', '2025-11-09 22:34:28', 0),
(196, 193, 'WhatsApp', 'Actividad de seguimiento cliente 193', '2025-11-14', '2025-11-09 22:34:28', 0),
(197, 194, 'Cita', 'Actividad de seguimiento cliente 194', '2025-11-15', '2025-11-09 22:34:28', 0),
(198, 195, 'Revisión', 'Actividad de seguimiento cliente 195', '2025-11-16', '2025-11-09 22:34:28', 0),
(199, 196, 'Llamada', 'Actividad de seguimiento cliente 196', '2025-11-10', '2025-11-09 22:34:28', 0),
(200, 197, 'WhatsApp', 'Actividad de seguimiento cliente 197', '2025-11-11', '2025-11-09 22:34:28', 0),
(201, 198, 'Cita', 'Actividad de seguimiento cliente 198', '2025-11-12', '2025-11-09 22:34:28', 0),
(202, 199, 'Revisión', 'Actividad de seguimiento cliente 199', '2025-11-13', '2025-11-09 22:34:28', 0),
(203, 200, 'Llamada', 'Actividad de seguimiento cliente 200', '2025-11-14', '2025-11-09 22:34:28', 0),
(204, 201, 'WhatsApp', 'Actividad de seguimiento cliente 201', '2025-11-15', '2025-11-09 22:34:28', 0),
(205, 202, 'Cita', 'Actividad de seguimiento cliente 202', '2025-11-16', '2025-11-09 22:34:28', 0),
(206, 203, 'Revisión', 'Actividad de seguimiento cliente 203', '2025-11-10', '2025-11-09 22:34:28', 0),
(207, 204, 'Llamada', 'Actividad de seguimiento cliente 204', '2025-11-11', '2025-11-09 22:34:28', 0),
(208, 205, 'WhatsApp', 'Actividad de seguimiento cliente 205', '2025-11-12', '2025-11-09 22:34:28', 0),
(209, 206, 'Cita', 'Actividad de seguimiento cliente 206', '2025-11-13', '2025-11-09 22:34:28', 0),
(210, 207, 'Revisión', 'Actividad de seguimiento cliente 207', '2025-11-14', '2025-11-09 22:34:28', 0),
(211, 208, 'Llamada', 'Actividad de seguimiento cliente 208', '2025-11-15', '2025-11-09 22:34:28', 0),
(212, 209, 'WhatsApp', 'Actividad de seguimiento cliente 209', '2025-11-16', '2025-11-09 22:34:28', 0),
(213, 210, 'Cita', 'Actividad de seguimiento cliente 210', '2025-11-10', '2025-11-09 22:34:28', 0),
(214, 211, 'Revisión', 'Actividad de seguimiento cliente 211', '2025-11-11', '2025-11-09 22:34:28', 0),
(215, 212, 'Llamada', 'Actividad de seguimiento cliente 212', '2025-11-12', '2025-11-09 22:34:28', 0),
(216, 213, 'WhatsApp', 'Actividad de seguimiento cliente 213', '2025-11-13', '2025-11-09 22:34:28', 0),
(217, 214, 'Cita', 'Actividad de seguimiento cliente 214', '2025-11-14', '2025-11-09 22:34:28', 0),
(218, 215, 'Revisión', 'Actividad de seguimiento cliente 215', '2025-11-15', '2025-11-09 22:34:28', 0),
(219, 216, 'Llamada', 'Actividad de seguimiento cliente 216', '2025-11-16', '2025-11-09 22:34:28', 0),
(220, 217, 'WhatsApp', 'Actividad de seguimiento cliente 217', '2025-11-10', '2025-11-09 22:34:28', 0),
(221, 218, 'Cita', 'Actividad de seguimiento cliente 218', '2025-11-11', '2025-11-09 22:34:28', 0),
(222, 219, 'Revisión', 'Actividad de seguimiento cliente 219', '2025-11-12', '2025-11-09 22:34:28', 0),
(223, 220, 'Llamada', 'Actividad de seguimiento cliente 220', '2025-11-13', '2025-11-09 22:34:28', 0),
(224, 221, 'WhatsApp', 'Actividad de seguimiento cliente 221', '2025-11-14', '2025-11-09 22:34:28', 0),
(225, 222, 'Cita', 'Actividad de seguimiento cliente 222', '2025-11-15', '2025-11-09 22:34:28', 0),
(226, 223, 'Revisión', 'Actividad de seguimiento cliente 223', '2025-11-16', '2025-11-09 22:34:28', 0),
(227, 224, 'Llamada', 'Actividad de seguimiento cliente 224', '2025-11-10', '2025-11-09 22:34:28', 0),
(228, 225, 'WhatsApp', 'Actividad de seguimiento cliente 225', '2025-11-11', '2025-11-09 22:34:28', 0),
(229, 226, 'Cita', 'Actividad de seguimiento cliente 226', '2025-11-12', '2025-11-09 22:34:28', 0),
(230, 227, 'Revisión', 'Actividad de seguimiento cliente 227', '2025-11-13', '2025-11-09 22:34:28', 0),
(231, 228, 'Llamada', 'Actividad de seguimiento cliente 228', '2025-11-14', '2025-11-09 22:34:28', 0),
(232, 229, 'WhatsApp', 'Actividad de seguimiento cliente 229', '2025-11-15', '2025-11-09 22:34:28', 0),
(233, 230, 'Cita', 'Actividad de seguimiento cliente 230', '2025-11-16', '2025-11-09 22:34:28', 0),
(234, 231, 'Revisión', 'Actividad de seguimiento cliente 231', '2025-11-10', '2025-11-09 22:34:28', 0),
(235, 232, 'Llamada', 'Actividad de seguimiento cliente 232', '2025-11-11', '2025-11-09 22:34:28', 0),
(236, 233, 'WhatsApp', 'Actividad de seguimiento cliente 233', '2025-11-12', '2025-11-09 22:34:28', 0),
(237, 234, 'Cita', 'Actividad de seguimiento cliente 234', '2025-11-13', '2025-11-09 22:34:28', 0),
(238, 235, 'Revisión', 'Actividad de seguimiento cliente 235', '2025-11-14', '2025-11-09 22:34:28', 0),
(239, 236, 'Llamada', 'Actividad de seguimiento cliente 236', '2025-11-15', '2025-11-09 22:34:28', 0),
(240, 237, 'WhatsApp', 'Actividad de seguimiento cliente 237', '2025-11-16', '2025-11-09 22:34:28', 0),
(241, 238, 'Cita', 'Actividad de seguimiento cliente 238', '2025-11-10', '2025-11-09 22:34:28', 0),
(242, 239, 'Revisión', 'Actividad de seguimiento cliente 239', '2025-11-11', '2025-11-09 22:34:28', 0),
(243, 240, 'Llamada', 'Actividad de seguimiento cliente 240', '2025-11-12', '2025-11-09 22:34:28', 0),
(244, 241, 'WhatsApp', 'Actividad de seguimiento cliente 241', '2025-11-13', '2025-11-09 22:34:28', 0),
(245, 242, 'Cita', 'Actividad de seguimiento cliente 242', '2025-11-14', '2025-11-09 22:34:28', 0),
(246, 243, 'Revisión', 'Actividad de seguimiento cliente 243', '2025-11-15', '2025-11-09 22:34:28', 0),
(247, 244, 'Llamada', 'Actividad de seguimiento cliente 244', '2025-11-16', '2025-11-09 22:34:28', 0),
(248, 245, 'WhatsApp', 'Actividad de seguimiento cliente 245', '2025-11-10', '2025-11-09 22:34:28', 0),
(249, 246, 'Cita', 'Actividad de seguimiento cliente 246', '2025-11-11', '2025-11-09 22:34:28', 0),
(250, 247, 'Revisión', 'Actividad de seguimiento cliente 247', '2025-11-12', '2025-11-09 22:34:28', 0),
(251, 248, 'Llamada', 'Actividad de seguimiento cliente 248', '2025-11-13', '2025-11-09 22:34:28', 0),
(252, 249, 'WhatsApp', 'Actividad de seguimiento cliente 249', '2025-11-14', '2025-11-09 22:34:28', 0),
(253, 250, 'Cita', 'Actividad de seguimiento cliente 250', '2025-11-15', '2025-11-09 22:34:28', 0),
(270, 1, 'WhatsApp', 'Actividad de seguimiento cliente 1', '2025-11-11', '2025-11-09 22:35:56', 0),
(271, 2, 'Cita', 'Actividad de seguimiento cliente 2', '2025-11-12', '2025-11-09 22:35:56', 0),
(272, 3, 'Revisión', 'Actividad de seguimiento cliente 3', '2025-11-13', '2025-11-09 22:35:56', 0),
(273, 4, 'Llamada', 'Actividad de seguimiento cliente 4', '2025-11-14', '2025-11-09 22:35:56', 0),
(274, 5, 'WhatsApp', 'Actividad de seguimiento cliente 5', '2025-11-15', '2025-11-09 22:35:56', 0),
(275, 6, 'Cita', 'Actividad de seguimiento cliente 6', '2025-11-16', '2025-11-09 22:35:56', 0),
(276, 7, 'Revisión', 'Actividad de seguimiento cliente 7', '2025-11-10', '2025-11-09 22:35:56', 0),
(277, 8, 'Llamada', 'Actividad de seguimiento cliente 8', '2025-11-11', '2025-11-09 22:35:56', 0),
(278, 9, 'WhatsApp', 'Actividad de seguimiento cliente 9', '2025-11-12', '2025-11-09 22:35:56', 0),
(279, 10, 'Cita', 'Actividad de seguimiento cliente 10', '2025-11-13', '2025-11-09 22:35:56', 0),
(280, 11, 'Revisión', 'Actividad de seguimiento cliente 11', '2025-11-14', '2025-11-09 22:35:56', 0),
(281, 12, 'Llamada', 'Actividad de seguimiento cliente 12', '2025-11-15', '2025-11-09 22:35:56', 0),
(282, 13, 'WhatsApp', 'Actividad de seguimiento cliente 13', '2025-11-16', '2025-11-09 22:35:56', 0),
(283, 14, 'Cita', 'Actividad de seguimiento cliente 14', '2025-11-10', '2025-11-09 22:35:56', 0),
(284, 15, 'Revisión', 'Actividad de seguimiento cliente 15', '2025-11-11', '2025-11-09 22:35:56', 0),
(285, 16, 'Llamada', 'Actividad de seguimiento cliente 16', '2025-11-12', '2025-11-09 22:35:56', 0),
(286, 17, 'WhatsApp', 'Actividad de seguimiento cliente 17', '2025-11-13', '2025-11-09 22:35:56', 0),
(287, 18, 'Cita', 'Actividad de seguimiento cliente 18', '2025-11-14', '2025-11-09 22:35:56', 0),
(288, 19, 'Revisión', 'Actividad de seguimiento cliente 19', '2025-11-15', '2025-11-09 22:35:56', 0),
(289, 20, 'Llamada', 'Actividad de seguimiento cliente 20', '2025-11-16', '2025-11-09 22:35:56', 0),
(290, 21, 'WhatsApp', 'Actividad de seguimiento cliente 21', '2025-11-10', '2025-11-09 22:35:56', 0),
(291, 22, 'Cita', 'Actividad de seguimiento cliente 22', '2025-11-11', '2025-11-09 22:35:56', 0),
(292, 23, 'Revisión', 'Actividad de seguimiento cliente 23', '2025-11-12', '2025-11-09 22:35:56', 0),
(293, 24, 'Llamada', 'Actividad de seguimiento cliente 24', '2025-11-13', '2025-11-09 22:35:56', 0),
(294, 25, 'WhatsApp', 'Actividad de seguimiento cliente 25', '2025-11-14', '2025-11-09 22:35:56', 0),
(295, 26, 'Cita', 'Actividad de seguimiento cliente 26', '2025-11-15', '2025-11-09 22:35:56', 0),
(296, 27, 'Revisión', 'Actividad de seguimiento cliente 27', '2025-11-16', '2025-11-09 22:35:56', 0),
(297, 28, 'Llamada', 'Actividad de seguimiento cliente 28', '2025-11-10', '2025-11-09 22:35:56', 0),
(298, 29, 'WhatsApp', 'Actividad de seguimiento cliente 29', '2025-11-11', '2025-11-09 22:35:56', 0),
(299, 30, 'Cita', 'Actividad de seguimiento cliente 30', '2025-11-12', '2025-11-09 22:35:56', 0),
(300, 31, 'Revisión', 'Actividad de seguimiento cliente 31', '2025-11-13', '2025-11-09 22:35:56', 0),
(301, 32, 'Llamada', 'Actividad de seguimiento cliente 32', '2025-11-14', '2025-11-09 22:35:56', 0),
(302, 33, 'WhatsApp', 'Actividad de seguimiento cliente 33', '2025-11-15', '2025-11-09 22:35:56', 0),
(303, 34, 'Cita', 'Actividad de seguimiento cliente 34', '2025-11-16', '2025-11-09 22:35:56', 0),
(304, 35, 'Revisión', 'Actividad de seguimiento cliente 35', '2025-11-10', '2025-11-09 22:35:56', 0),
(305, 36, 'Llamada', 'Actividad de seguimiento cliente 36', '2025-11-11', '2025-11-09 22:35:56', 0),
(306, 37, 'WhatsApp', 'Actividad de seguimiento cliente 37', '2025-11-12', '2025-11-09 22:35:56', 0),
(307, 38, 'Cita', 'Actividad de seguimiento cliente 38', '2025-11-13', '2025-11-09 22:35:56', 0),
(308, 39, 'Revisión', 'Actividad de seguimiento cliente 39', '2025-11-14', '2025-11-09 22:35:56', 0),
(309, 40, 'Llamada', 'Actividad de seguimiento cliente 40', '2025-11-15', '2025-11-09 22:35:56', 0),
(310, 41, 'WhatsApp', 'Actividad de seguimiento cliente 41', '2025-11-16', '2025-11-09 22:35:56', 0),
(311, 42, 'Cita', 'Actividad de seguimiento cliente 42', '2025-11-10', '2025-11-09 22:35:56', 0),
(312, 43, 'Revisión', 'Actividad de seguimiento cliente 43', '2025-11-11', '2025-11-09 22:35:56', 0),
(313, 44, 'Llamada', 'Actividad de seguimiento cliente 44', '2025-11-12', '2025-11-09 22:35:56', 0),
(314, 45, 'WhatsApp', 'Actividad de seguimiento cliente 45', '2025-11-13', '2025-11-09 22:35:56', 0),
(315, 46, 'Cita', 'Actividad de seguimiento cliente 46', '2025-11-14', '2025-11-09 22:35:56', 0),
(316, 47, 'Revisión', 'Actividad de seguimiento cliente 47', '2025-11-15', '2025-11-09 22:35:56', 0),
(317, 48, 'Llamada', 'Actividad de seguimiento cliente 48', '2025-11-16', '2025-11-09 22:35:56', 0),
(318, 49, 'WhatsApp', 'Actividad de seguimiento cliente 49', '2025-11-10', '2025-11-09 22:35:56', 0),
(319, 50, 'Cita', 'Actividad de seguimiento cliente 50', '2025-11-11', '2025-11-09 22:35:56', 0),
(320, 51, 'Revisión', 'Actividad de seguimiento cliente 51', '2025-11-12', '2025-11-09 22:35:56', 0),
(321, 52, 'Llamada', 'Actividad de seguimiento cliente 52', '2025-11-13', '2025-11-09 22:35:56', 0),
(322, 53, 'WhatsApp', 'Actividad de seguimiento cliente 53', '2025-11-14', '2025-11-09 22:35:56', 0),
(323, 54, 'Cita', 'Actividad de seguimiento cliente 54', '2025-11-15', '2025-11-09 22:35:56', 0),
(324, 55, 'Revisión', 'Actividad de seguimiento cliente 55', '2025-11-16', '2025-11-09 22:35:56', 0),
(325, 56, 'Llamada', 'Actividad de seguimiento cliente 56', '2025-11-10', '2025-11-09 22:35:56', 0),
(326, 57, 'WhatsApp', 'Actividad de seguimiento cliente 57', '2025-11-11', '2025-11-09 22:35:56', 0),
(327, 58, 'Cita', 'Actividad de seguimiento cliente 58', '2025-11-12', '2025-11-09 22:35:56', 0),
(328, 59, 'Revisión', 'Actividad de seguimiento cliente 59', '2025-11-13', '2025-11-09 22:35:56', 0),
(329, 60, 'Llamada', 'Actividad de seguimiento cliente 60', '2025-11-14', '2025-11-09 22:35:56', 0),
(330, 61, 'WhatsApp', 'Actividad de seguimiento cliente 61', '2025-11-15', '2025-11-09 22:35:56', 0),
(331, 62, 'Cita', 'Actividad de seguimiento cliente 62', '2025-11-16', '2025-11-09 22:35:56', 0),
(332, 63, 'Revisión', 'Actividad de seguimiento cliente 63', '2025-11-10', '2025-11-09 22:35:56', 0),
(333, 64, 'Llamada', 'Actividad de seguimiento cliente 64', '2025-11-11', '2025-11-09 22:35:56', 0),
(334, 65, 'WhatsApp', 'Actividad de seguimiento cliente 65', '2025-11-12', '2025-11-09 22:35:56', 0),
(335, 66, 'Cita', 'Actividad de seguimiento cliente 66', '2025-11-13', '2025-11-09 22:35:56', 0),
(336, 67, 'Revisión', 'Actividad de seguimiento cliente 67', '2025-11-14', '2025-11-09 22:35:56', 0),
(337, 68, 'Llamada', 'Actividad de seguimiento cliente 68', '2025-11-15', '2025-11-09 22:35:56', 0),
(338, 69, 'WhatsApp', 'Actividad de seguimiento cliente 69', '2025-11-16', '2025-11-09 22:35:56', 0),
(339, 70, 'Cita', 'Actividad de seguimiento cliente 70', '2025-11-10', '2025-11-09 22:35:56', 0),
(340, 71, 'Revisión', 'Actividad de seguimiento cliente 71', '2025-11-11', '2025-11-09 22:35:56', 0),
(341, 72, 'Llamada', 'Actividad de seguimiento cliente 72', '2025-11-12', '2025-11-09 22:35:56', 0),
(342, 73, 'WhatsApp', 'Actividad de seguimiento cliente 73', '2025-11-13', '2025-11-09 22:35:56', 0),
(343, 74, 'Cita', 'Actividad de seguimiento cliente 74', '2025-11-14', '2025-11-09 22:35:56', 0),
(344, 75, 'Revisión', 'Actividad de seguimiento cliente 75', '2025-11-15', '2025-11-09 22:35:56', 0),
(345, 76, 'Llamada', 'Actividad de seguimiento cliente 76', '2025-11-16', '2025-11-09 22:35:56', 0),
(346, 77, 'WhatsApp', 'Actividad de seguimiento cliente 77', '2025-11-10', '2025-11-09 22:35:56', 0),
(347, 78, 'Cita', 'Actividad de seguimiento cliente 78', '2025-11-11', '2025-11-09 22:35:56', 0),
(348, 79, 'Revisión', 'Actividad de seguimiento cliente 79', '2025-11-12', '2025-11-09 22:35:56', 0),
(349, 80, 'Llamada', 'Actividad de seguimiento cliente 80', '2025-11-13', '2025-11-09 22:35:56', 0),
(350, 81, 'WhatsApp', 'Actividad de seguimiento cliente 81', '2025-11-14', '2025-11-09 22:35:56', 0),
(351, 82, 'Cita', 'Actividad de seguimiento cliente 82', '2025-11-15', '2025-11-09 22:35:56', 0),
(352, 83, 'Revisión', 'Actividad de seguimiento cliente 83', '2025-11-16', '2025-11-09 22:35:56', 0),
(353, 84, 'Llamada', 'Actividad de seguimiento cliente 84', '2025-11-10', '2025-11-09 22:35:56', 0),
(354, 85, 'WhatsApp', 'Actividad de seguimiento cliente 85', '2025-11-11', '2025-11-09 22:35:56', 0),
(355, 86, 'Cita', 'Actividad de seguimiento cliente 86', '2025-11-12', '2025-11-09 22:35:56', 0),
(356, 87, 'Revisión', 'Actividad de seguimiento cliente 87', '2025-11-13', '2025-11-09 22:35:56', 0),
(357, 88, 'Llamada', 'Actividad de seguimiento cliente 88', '2025-11-14', '2025-11-09 22:35:56', 0),
(358, 89, 'WhatsApp', 'Actividad de seguimiento cliente 89', '2025-11-15', '2025-11-09 22:35:56', 0),
(359, 90, 'Cita', 'Actividad de seguimiento cliente 90', '2025-11-16', '2025-11-09 22:35:56', 0),
(360, 91, 'Revisión', 'Actividad de seguimiento cliente 91', '2025-11-10', '2025-11-09 22:35:56', 0),
(361, 92, 'Llamada', 'Actividad de seguimiento cliente 92', '2025-11-11', '2025-11-09 22:35:56', 0),
(362, 93, 'WhatsApp', 'Actividad de seguimiento cliente 93', '2025-11-12', '2025-11-09 22:35:56', 0),
(363, 94, 'Cita', 'Actividad de seguimiento cliente 94', '2025-11-13', '2025-11-09 22:35:56', 0),
(364, 95, 'Revisión', 'Actividad de seguimiento cliente 95', '2025-11-14', '2025-11-09 22:35:56', 0),
(365, 96, 'Llamada', 'Actividad de seguimiento cliente 96', '2025-11-15', '2025-11-09 22:35:56', 0),
(366, 97, 'WhatsApp', 'Actividad de seguimiento cliente 97', '2025-11-16', '2025-11-09 22:35:56', 0),
(367, 98, 'Cita', 'Actividad de seguimiento cliente 98', '2025-11-10', '2025-11-09 22:35:56', 0),
(368, 99, 'Revisión', 'Actividad de seguimiento cliente 99', '2025-11-11', '2025-11-09 22:35:56', 0),
(369, 100, 'Llamada', 'Actividad de seguimiento cliente 100', '2025-11-12', '2025-11-09 22:35:56', 0),
(370, 101, 'WhatsApp', 'Actividad de seguimiento cliente 101', '2025-11-13', '2025-11-09 22:35:56', 0),
(371, 102, 'Cita', 'Actividad de seguimiento cliente 102', '2025-11-14', '2025-11-09 22:35:56', 0),
(372, 103, 'Revisión', 'Actividad de seguimiento cliente 103', '2025-11-15', '2025-11-09 22:35:56', 0),
(373, 104, 'Llamada', 'Actividad de seguimiento cliente 104', '2025-11-16', '2025-11-09 22:35:56', 0),
(374, 105, 'WhatsApp', 'Actividad de seguimiento cliente 105', '2025-11-10', '2025-11-09 22:35:56', 0),
(375, 106, 'Cita', 'Actividad de seguimiento cliente 106', '2025-11-11', '2025-11-09 22:35:56', 0),
(376, 107, 'Revisión', 'Actividad de seguimiento cliente 107', '2025-11-12', '2025-11-09 22:35:56', 0),
(377, 108, 'Llamada', 'Actividad de seguimiento cliente 108', '2025-11-13', '2025-11-09 22:35:56', 0),
(378, 109, 'WhatsApp', 'Actividad de seguimiento cliente 109', '2025-11-14', '2025-11-09 22:35:56', 0),
(379, 110, 'Cita', 'Actividad de seguimiento cliente 110', '2025-11-15', '2025-11-09 22:35:56', 0),
(380, 111, 'Revisión', 'Actividad de seguimiento cliente 111', '2025-11-16', '2025-11-09 22:35:56', 0),
(381, 112, 'Llamada', 'Actividad de seguimiento cliente 112', '2025-11-10', '2025-11-09 22:35:56', 0),
(382, 113, 'WhatsApp', 'Actividad de seguimiento cliente 113', '2025-11-11', '2025-11-09 22:35:56', 0),
(383, 114, 'Cita', 'Actividad de seguimiento cliente 114', '2025-11-12', '2025-11-09 22:35:56', 0),
(384, 115, 'Revisión', 'Actividad de seguimiento cliente 115', '2025-11-13', '2025-11-09 22:35:56', 0),
(385, 116, 'Llamada', 'Actividad de seguimiento cliente 116', '2025-11-14', '2025-11-09 22:35:56', 0),
(386, 117, 'WhatsApp', 'Actividad de seguimiento cliente 117', '2025-11-15', '2025-11-09 22:35:56', 0),
(387, 118, 'Cita', 'Actividad de seguimiento cliente 118', '2025-11-16', '2025-11-09 22:35:56', 0),
(388, 119, 'Revisión', 'Actividad de seguimiento cliente 119', '2025-11-10', '2025-11-09 22:35:56', 0),
(389, 120, 'Llamada', 'Actividad de seguimiento cliente 120', '2025-11-11', '2025-11-09 22:35:56', 0),
(390, 121, 'WhatsApp', 'Actividad de seguimiento cliente 121', '2025-11-12', '2025-11-09 22:35:56', 0),
(391, 122, 'Cita', 'Actividad de seguimiento cliente 122', '2025-11-13', '2025-11-09 22:35:56', 0),
(392, 123, 'Revisión', 'Actividad de seguimiento cliente 123', '2025-11-14', '2025-11-09 22:35:56', 0),
(393, 124, 'Llamada', 'Actividad de seguimiento cliente 124', '2025-11-15', '2025-11-09 22:35:56', 0),
(394, 125, 'WhatsApp', 'Actividad de seguimiento cliente 125', '2025-11-16', '2025-11-09 22:35:56', 0),
(395, 126, 'Cita', 'Actividad de seguimiento cliente 126', '2025-11-10', '2025-11-09 22:35:56', 0),
(396, 127, 'Revisión', 'Actividad de seguimiento cliente 127', '2025-11-11', '2025-11-09 22:35:56', 0),
(397, 128, 'Llamada', 'Actividad de seguimiento cliente 128', '2025-11-12', '2025-11-09 22:35:56', 0),
(398, 129, 'WhatsApp', 'Actividad de seguimiento cliente 129', '2025-11-13', '2025-11-09 22:35:56', 0),
(399, 130, 'Cita', 'Actividad de seguimiento cliente 130', '2025-11-14', '2025-11-09 22:35:56', 0),
(400, 131, 'Revisión', 'Actividad de seguimiento cliente 131', '2025-11-15', '2025-11-09 22:35:56', 0),
(401, 132, 'Llamada', 'Actividad de seguimiento cliente 132', '2025-11-16', '2025-11-09 22:35:56', 0),
(402, 133, 'WhatsApp', 'Actividad de seguimiento cliente 133', '2025-11-10', '2025-11-09 22:35:56', 0),
(403, 134, 'Cita', 'Actividad de seguimiento cliente 134', '2025-11-11', '2025-11-09 22:35:56', 0),
(404, 135, 'Revisión', 'Actividad de seguimiento cliente 135', '2025-11-12', '2025-11-09 22:35:56', 0),
(405, 136, 'Llamada', 'Actividad de seguimiento cliente 136', '2025-11-13', '2025-11-09 22:35:56', 0),
(406, 137, 'WhatsApp', 'Actividad de seguimiento cliente 137', '2025-11-14', '2025-11-09 22:35:56', 0),
(407, 138, 'Cita', 'Actividad de seguimiento cliente 138', '2025-11-15', '2025-11-09 22:35:56', 0),
(408, 139, 'Revisión', 'Actividad de seguimiento cliente 139', '2025-11-16', '2025-11-09 22:35:56', 0),
(409, 140, 'Llamada', 'Actividad de seguimiento cliente 140', '2025-11-10', '2025-11-09 22:35:56', 0),
(410, 141, 'WhatsApp', 'Actividad de seguimiento cliente 141', '2025-11-11', '2025-11-09 22:35:56', 0),
(411, 142, 'Cita', 'Actividad de seguimiento cliente 142', '2025-11-12', '2025-11-09 22:35:56', 0),
(412, 143, 'Revisión', 'Actividad de seguimiento cliente 143', '2025-11-13', '2025-11-09 22:35:56', 0),
(413, 144, 'Llamada', 'Actividad de seguimiento cliente 144', '2025-11-14', '2025-11-09 22:35:56', 0),
(414, 145, 'WhatsApp', 'Actividad de seguimiento cliente 145', '2025-11-15', '2025-11-09 22:35:56', 0),
(415, 146, 'Cita', 'Actividad de seguimiento cliente 146', '2025-11-16', '2025-11-09 22:35:56', 0),
(416, 147, 'Revisión', 'Actividad de seguimiento cliente 147', '2025-11-10', '2025-11-09 22:35:56', 0),
(417, 148, 'Llamada', 'Actividad de seguimiento cliente 148', '2025-11-11', '2025-11-09 22:35:56', 0),
(418, 149, 'WhatsApp', 'Actividad de seguimiento cliente 149', '2025-11-12', '2025-11-09 22:35:56', 0),
(419, 150, 'Cita', 'Actividad de seguimiento cliente 150', '2025-11-13', '2025-11-09 22:35:56', 0),
(420, 151, 'Revisión', 'Actividad de seguimiento cliente 151', '2025-11-14', '2025-11-09 22:35:56', 0),
(421, 152, 'Llamada', 'Actividad de seguimiento cliente 152', '2025-11-15', '2025-11-09 22:35:56', 0),
(422, 153, 'WhatsApp', 'Actividad de seguimiento cliente 153', '2025-11-16', '2025-11-09 22:35:56', 0),
(423, 154, 'Cita', 'Actividad de seguimiento cliente 154', '2025-11-10', '2025-11-09 22:35:56', 0),
(424, 155, 'Revisión', 'Actividad de seguimiento cliente 155', '2025-11-11', '2025-11-09 22:35:56', 0),
(425, 156, 'Llamada', 'Actividad de seguimiento cliente 156', '2025-11-12', '2025-11-09 22:35:56', 0),
(426, 157, 'WhatsApp', 'Actividad de seguimiento cliente 157', '2025-11-13', '2025-11-09 22:35:56', 0),
(427, 158, 'Cita', 'Actividad de seguimiento cliente 158', '2025-11-14', '2025-11-09 22:35:56', 0),
(428, 159, 'Revisión', 'Actividad de seguimiento cliente 159', '2025-11-15', '2025-11-09 22:35:56', 0),
(429, 160, 'Llamada', 'Actividad de seguimiento cliente 160', '2025-11-16', '2025-11-09 22:35:56', 0),
(430, 161, 'WhatsApp', 'Actividad de seguimiento cliente 161', '2025-11-10', '2025-11-09 22:35:56', 0),
(431, 162, 'Cita', 'Actividad de seguimiento cliente 162', '2025-11-11', '2025-11-09 22:35:56', 0),
(432, 163, 'Revisión', 'Actividad de seguimiento cliente 163', '2025-11-12', '2025-11-09 22:35:56', 0),
(433, 164, 'Llamada', 'Actividad de seguimiento cliente 164', '2025-11-13', '2025-11-09 22:35:56', 0),
(434, 165, 'WhatsApp', 'Actividad de seguimiento cliente 165', '2025-11-14', '2025-11-09 22:35:56', 0),
(435, 166, 'Cita', 'Actividad de seguimiento cliente 166', '2025-11-15', '2025-11-09 22:35:56', 0),
(436, 167, 'Revisión', 'Actividad de seguimiento cliente 167', '2025-11-16', '2025-11-09 22:35:56', 0),
(437, 168, 'Llamada', 'Actividad de seguimiento cliente 168', '2025-11-10', '2025-11-09 22:35:56', 0),
(438, 169, 'WhatsApp', 'Actividad de seguimiento cliente 169', '2025-11-11', '2025-11-09 22:35:56', 0),
(439, 170, 'Cita', 'Actividad de seguimiento cliente 170', '2025-11-12', '2025-11-09 22:35:56', 0),
(440, 171, 'Revisión', 'Actividad de seguimiento cliente 171', '2025-11-13', '2025-11-09 22:35:56', 0),
(441, 172, 'Llamada', 'Actividad de seguimiento cliente 172', '2025-11-14', '2025-11-09 22:35:56', 0),
(442, 173, 'WhatsApp', 'Actividad de seguimiento cliente 173', '2025-11-15', '2025-11-09 22:35:56', 0),
(443, 174, 'Cita', 'Actividad de seguimiento cliente 174', '2025-11-16', '2025-11-09 22:35:56', 0),
(444, 175, 'Revisión', 'Actividad de seguimiento cliente 175', '2025-11-10', '2025-11-09 22:35:56', 0),
(445, 176, 'Llamada', 'Actividad de seguimiento cliente 176', '2025-11-11', '2025-11-09 22:35:56', 0),
(446, 177, 'WhatsApp', 'Actividad de seguimiento cliente 177', '2025-11-12', '2025-11-09 22:35:56', 0),
(447, 178, 'Cita', 'Actividad de seguimiento cliente 178', '2025-11-13', '2025-11-09 22:35:56', 0),
(448, 179, 'Revisión', 'Actividad de seguimiento cliente 179', '2025-11-14', '2025-11-09 22:35:56', 0),
(449, 180, 'Llamada', 'Actividad de seguimiento cliente 180', '2025-11-15', '2025-11-09 22:35:56', 0),
(450, 181, 'WhatsApp', 'Actividad de seguimiento cliente 181', '2025-11-16', '2025-11-09 22:35:56', 0),
(451, 182, 'Cita', 'Actividad de seguimiento cliente 182', '2025-11-10', '2025-11-09 22:35:56', 0),
(452, 183, 'Revisión', 'Actividad de seguimiento cliente 183', '2025-11-11', '2025-11-09 22:35:56', 0),
(453, 184, 'Llamada', 'Actividad de seguimiento cliente 184', '2025-11-12', '2025-11-09 22:35:56', 0),
(454, 185, 'WhatsApp', 'Actividad de seguimiento cliente 185', '2025-11-13', '2025-11-09 22:35:56', 0),
(455, 186, 'Cita', 'Actividad de seguimiento cliente 186', '2025-11-14', '2025-11-09 22:35:56', 0),
(456, 187, 'Revisión', 'Actividad de seguimiento cliente 187', '2025-11-15', '2025-11-09 22:35:56', 0),
(457, 188, 'Llamada', 'Actividad de seguimiento cliente 188', '2025-11-16', '2025-11-09 22:35:56', 0),
(458, 189, 'WhatsApp', 'Actividad de seguimiento cliente 189', '2025-11-10', '2025-11-09 22:35:56', 0),
(459, 190, 'Cita', 'Actividad de seguimiento cliente 190', '2025-11-11', '2025-11-09 22:35:56', 0),
(460, 191, 'Revisión', 'Actividad de seguimiento cliente 191', '2025-11-12', '2025-11-09 22:35:56', 0),
(461, 192, 'Llamada', 'Actividad de seguimiento cliente 192', '2025-11-13', '2025-11-09 22:35:56', 0),
(462, 193, 'WhatsApp', 'Actividad de seguimiento cliente 193', '2025-11-14', '2025-11-09 22:35:56', 0),
(463, 194, 'Cita', 'Actividad de seguimiento cliente 194', '2025-11-15', '2025-11-09 22:35:56', 0),
(464, 195, 'Revisión', 'Actividad de seguimiento cliente 195', '2025-11-16', '2025-11-09 22:35:56', 0),
(465, 196, 'Llamada', 'Actividad de seguimiento cliente 196', '2025-11-10', '2025-11-09 22:35:56', 0),
(466, 197, 'WhatsApp', 'Actividad de seguimiento cliente 197', '2025-11-11', '2025-11-09 22:35:56', 0),
(467, 198, 'Cita', 'Actividad de seguimiento cliente 198', '2025-11-12', '2025-11-09 22:35:56', 0),
(468, 199, 'Revisión', 'Actividad de seguimiento cliente 199', '2025-11-13', '2025-11-09 22:35:56', 0),
(469, 200, 'Llamada', 'Actividad de seguimiento cliente 200', '2025-11-14', '2025-11-09 22:35:56', 0),
(470, 201, 'WhatsApp', 'Actividad de seguimiento cliente 201', '2025-11-15', '2025-11-09 22:35:56', 0),
(471, 202, 'Cita', 'Actividad de seguimiento cliente 202', '2025-11-16', '2025-11-09 22:35:56', 0),
(472, 203, 'Revisión', 'Actividad de seguimiento cliente 203', '2025-11-10', '2025-11-09 22:35:56', 0),
(473, 204, 'Llamada', 'Actividad de seguimiento cliente 204', '2025-11-11', '2025-11-09 22:35:56', 0),
(474, 205, 'WhatsApp', 'Actividad de seguimiento cliente 205', '2025-11-12', '2025-11-09 22:35:56', 0),
(475, 206, 'Cita', 'Actividad de seguimiento cliente 206', '2025-11-13', '2025-11-09 22:35:56', 0),
(476, 207, 'Revisión', 'Actividad de seguimiento cliente 207', '2025-11-14', '2025-11-09 22:35:56', 0),
(477, 208, 'Llamada', 'Actividad de seguimiento cliente 208', '2025-11-15', '2025-11-09 22:35:56', 0),
(478, 209, 'WhatsApp', 'Actividad de seguimiento cliente 209', '2025-11-16', '2025-11-09 22:35:56', 0),
(479, 210, 'Cita', 'Actividad de seguimiento cliente 210', '2025-11-10', '2025-11-09 22:35:56', 0),
(480, 211, 'Revisión', 'Actividad de seguimiento cliente 211', '2025-11-11', '2025-11-09 22:35:56', 0),
(481, 212, 'Llamada', 'Actividad de seguimiento cliente 212', '2025-11-12', '2025-11-09 22:35:56', 0),
(482, 213, 'WhatsApp', 'Actividad de seguimiento cliente 213', '2025-11-13', '2025-11-09 22:35:56', 0),
(483, 214, 'Cita', 'Actividad de seguimiento cliente 214', '2025-11-14', '2025-11-09 22:35:56', 0),
(484, 215, 'Revisión', 'Actividad de seguimiento cliente 215', '2025-11-15', '2025-11-09 22:35:56', 0),
(485, 216, 'Llamada', 'Actividad de seguimiento cliente 216', '2025-11-16', '2025-11-09 22:35:56', 0),
(486, 217, 'WhatsApp', 'Actividad de seguimiento cliente 217', '2025-11-10', '2025-11-09 22:35:56', 0),
(487, 218, 'Cita', 'Actividad de seguimiento cliente 218', '2025-11-11', '2025-11-09 22:35:56', 0),
(488, 219, 'Revisión', 'Actividad de seguimiento cliente 219', '2025-11-12', '2025-11-09 22:35:56', 0),
(489, 220, 'Llamada', 'Actividad de seguimiento cliente 220', '2025-11-13', '2025-11-09 22:35:56', 0),
(490, 221, 'WhatsApp', 'Actividad de seguimiento cliente 221', '2025-11-14', '2025-11-09 22:35:56', 0),
(491, 222, 'Cita', 'Actividad de seguimiento cliente 222', '2025-11-15', '2025-11-09 22:35:56', 0),
(492, 223, 'Revisión', 'Actividad de seguimiento cliente 223', '2025-11-16', '2025-11-09 22:35:56', 0),
(493, 224, 'Llamada', 'Actividad de seguimiento cliente 224', '2025-11-10', '2025-11-09 22:35:56', 0),
(494, 225, 'WhatsApp', 'Actividad de seguimiento cliente 225', '2025-11-11', '2025-11-09 22:35:56', 0),
(495, 226, 'Cita', 'Actividad de seguimiento cliente 226', '2025-11-12', '2025-11-09 22:35:56', 0),
(496, 227, 'Revisión', 'Actividad de seguimiento cliente 227', '2025-11-13', '2025-11-09 22:35:56', 0),
(497, 228, 'Llamada', 'Actividad de seguimiento cliente 228', '2025-11-14', '2025-11-09 22:35:56', 0),
(498, 229, 'WhatsApp', 'Actividad de seguimiento cliente 229', '2025-11-15', '2025-11-09 22:35:56', 0),
(499, 230, 'Cita', 'Actividad de seguimiento cliente 230', '2025-11-16', '2025-11-09 22:35:56', 0),
(500, 231, 'Revisión', 'Actividad de seguimiento cliente 231', '2025-11-10', '2025-11-09 22:35:56', 0),
(501, 232, 'Llamada', 'Actividad de seguimiento cliente 232', '2025-11-11', '2025-11-09 22:35:56', 0),
(502, 233, 'WhatsApp', 'Actividad de seguimiento cliente 233', '2025-11-12', '2025-11-09 22:35:56', 0),
(503, 234, 'Cita', 'Actividad de seguimiento cliente 234', '2025-11-13', '2025-11-09 22:35:56', 0),
(504, 235, 'Revisión', 'Actividad de seguimiento cliente 235', '2025-11-14', '2025-11-09 22:35:56', 0),
(505, 236, 'Llamada', 'Actividad de seguimiento cliente 236', '2025-11-15', '2025-11-09 22:35:56', 0),
(506, 237, 'WhatsApp', 'Actividad de seguimiento cliente 237', '2025-11-16', '2025-11-09 22:35:56', 0),
(507, 238, 'Cita', 'Actividad de seguimiento cliente 238', '2025-11-10', '2025-11-09 22:35:56', 0),
(508, 239, 'Revisión', 'Actividad de seguimiento cliente 239', '2025-11-11', '2025-11-09 22:35:56', 0),
(509, 240, 'Llamada', 'Actividad de seguimiento cliente 240', '2025-11-12', '2025-11-09 22:35:56', 0),
(510, 241, 'WhatsApp', 'Actividad de seguimiento cliente 241', '2025-11-13', '2025-11-09 22:35:56', 0),
(511, 242, 'Cita', 'Actividad de seguimiento cliente 242', '2025-11-14', '2025-11-09 22:35:56', 0),
(512, 243, 'Revisión', 'Actividad de seguimiento cliente 243', '2025-11-15', '2025-11-09 22:35:56', 0),
(513, 244, 'Llamada', 'Actividad de seguimiento cliente 244', '2025-11-16', '2025-11-09 22:35:56', 0),
(514, 245, 'WhatsApp', 'Actividad de seguimiento cliente 245', '2025-11-10', '2025-11-09 22:35:56', 0),
(515, 246, 'Cita', 'Actividad de seguimiento cliente 246', '2025-11-11', '2025-11-09 22:35:56', 0),
(516, 247, 'Revisión', 'Actividad de seguimiento cliente 247', '2025-11-12', '2025-11-09 22:35:56', 0),
(517, 248, 'Llamada', 'Actividad de seguimiento cliente 248', '2025-11-13', '2025-11-09 22:35:56', 0),
(518, 249, 'WhatsApp', 'Actividad de seguimiento cliente 249', '2025-11-14', '2025-11-09 22:35:56', 0);
INSERT INTO `actividades` (`id`, `cliente_id`, `tipo`, `descripcion`, `fecha`, `fecha_creacion`, `completada`) VALUES
(519, 250, 'Cita', 'Actividad de seguimiento cliente 250', '2025-11-15', '2025-11-09 22:35:56', 0);

-- --------------------------------------------------------

--
-- Estructura de tabla para la tabla `clientes`
--

CREATE TABLE `clientes` (
  `id` int(11) NOT NULL,
  `nombre_apellidos` varchar(150) NOT NULL,
  `dni` varchar(20) NOT NULL,
  `telefono` varchar(20) NOT NULL,
  `convergente` text DEFAULT NULL,
  `usuario_id` int(11) NOT NULL,
  `fecha_creacion` timestamp NOT NULL DEFAULT current_timestamp(),
  `ultima_visita` timestamp NULL DEFAULT NULL
) ENGINE=InnoDB DEFAULT CHARSET=utf8mb4 COLLATE=utf8mb4_spanish_ci;

--
-- Volcado de datos para la tabla `clientes`
--

INSERT INTO `clientes` (`id`, `nombre_apellidos`, `dni`, `telefono`, `convergente`, `usuario_id`, `fecha_creacion`, `ultima_visita`) VALUES
(1, 'Juan García López', '12345001A', '600001001', 'Fibra 600 + 2L 50GB', 8778, '2025-11-09 22:32:58', '2025-11-09 22:32:58'),
(2, 'María Fernández Sánchez', '12345002B', '600001002', 'Fibra 1GB + 3L 100GB', 8778, '2025-11-09 22:32:58', '2025-11-09 22:32:58'),
(3, 'Carlos Rodríguez Martínez', '12345003C', '600001003', 'Fibra 300 + 1L 30GB', 8778, '2025-11-09 22:32:58', '2025-11-09 22:32:58'),
(4, 'Ana González Pérez', '12345004D', '600001004', 'Movistar Fusión 600', 8778, '2025-11-09 22:32:58', '2025-11-09 22:32:58'),
(5, 'Pedro López Gómez', '12345005E', '600001005', 'Orange Love 300', 8778, '2025-11-09 22:32:58', '2025-11-09 22:32:58'),
(6, 'Laura Martínez García', '12345006F', '600001006', 'Vodafone One 1GB', 8778, '2025-11-09 22:32:58', '2025-11-09 22:32:58'),
(7, 'Francisco Jiménez López', '12345007G', '600001007', 'Jazztel 600 + TV', 8778, '2025-11-09 22:32:58', '2025-11-09 22:32:58'),
(8, 'Isabel Ramírez Torres', '12345008H', '600001008', 'Lowi 300Mb', 8778, '2025-11-09 22:32:58', '2025-11-09 22:32:58'),
(9, 'Miguel Álvarez Ruiz', '12345009I', '600001009', 'MásMóvil Fibra 600', 8778, '2025-11-09 22:32:58', '2025-11-09 22:32:58'),
(10, 'Carmen Morales García', '12345010J', '600001010', 'Pepephone 100Mb', 8778, '2025-11-09 22:32:58', '2025-11-09 22:32:58'),
(11, 'José Navarro Díaz', '12345011K', '600001011', 'Fibra 500 + 2L', 8778, '2025-11-09 22:32:58', '2025-11-09 22:32:58'),
(12, 'Dolores Vargas Sánchez', '12345012L', '600001012', 'Movistar Ilimitado', 8778, '2025-11-09 22:32:58', '2025-11-09 22:32:58'),
(13, 'Antonio Vázquez Castillo', '12345013M', '600001013', 'Orange TV + Fibra', 8778, '2025-11-09 22:32:58', '2025-11-09 22:32:58'),
(14, 'Francisca Castillo López', '12345014N', '600001014', 'Vodafone Fusión', 8778, '2025-11-09 22:32:58', '2025-11-09 22:32:58'),
(15, 'Roberto Iglesias Flores', '12345015O', '600001015', 'Fibra 600 + Luz', 8778, '2025-11-09 22:32:58', '2025-11-09 22:32:58'),
(16, 'Teresa Salazar Medina', '12345016P', '600001016', 'Jazztel Móvil', 8778, '2025-11-09 22:32:58', '2025-11-09 22:32:58'),
(17, 'Manuel Domínguez Silva', '12345017Q', '600001017', 'MásMóvil Móvil', 8778, '2025-11-09 22:32:58', '2025-11-09 22:32:58'),
(18, 'Juana Castrillo Vega', '12345018R', '600001018', 'Lowi Fibra', 8778, '2025-11-09 22:32:58', '2025-11-09 22:32:58'),
(19, 'Jesús Guerrero Blanco', '12345019S', '600001019', 'Movistar 1GB', 8778, '2025-11-09 22:32:58', '2025-11-09 22:32:58'),
(20, 'Amparo Ribera Ramos', '12345020T', '600001020', 'Orange 600Mb', 8778, '2025-11-09 22:32:58', '2025-11-09 22:32:58'),
(21, 'Juan Carlos Montes Ruiz', '12345021U', '600001021', 'Vodafone 300', 8778, '2025-11-09 22:32:58', '2025-11-09 22:32:58'),
(22, 'Pilar Cortés Nuñez', '12345022V', '600001022', 'Fibra FTTH', 8778, '2025-11-09 22:32:58', '2025-11-09 22:32:58'),
(23, 'Andrés Maldonado Pena', '12345023W', '600001023', 'Jazztel Premium', 8778, '2025-11-09 22:32:58', '2025-11-09 22:32:58'),
(24, 'Montserrat Herrera Martos', '12345024X', '600001024', 'MásMóvil Premium', 8778, '2025-11-09 22:32:58', '2025-11-09 22:32:58'),
(25, 'Víctor Delgado Berrocal', '12345025Y', '600001025', 'Pepephone Premium', 8778, '2025-11-09 22:32:58', '2025-11-09 22:32:58'),
(26, 'Marisa Segura Ibáñez', '12345026Z', '600001026', 'Fibra + Móvil', 8778, '2025-11-09 22:32:58', '2025-11-09 22:32:58'),
(27, 'Enrique Castañeda Cano', '12345027AA', '600001027', 'Movistar Total', 8778, '2025-11-09 22:32:58', '2025-11-09 22:32:58'),
(28, 'Rosa Márquez Araya', '12345028AB', '600001028', 'Orange Total', 8778, '2025-11-09 22:32:58', '2025-11-09 22:32:58'),
(29, 'Santiago Benavides Navarro', '12345029AC', '600001029', 'Vodafone Total', 8778, '2025-11-09 22:32:58', '2025-11-09 22:32:58'),
(30, 'Consuelo Montoya Bravo', '12345030AD', '600001030', 'Fibra 1GB', 8778, '2025-11-09 22:32:58', '2025-11-09 22:32:58'),
(31, 'Diego Calderón Nieto', '12345031AE', '600001031', 'Jazztel 300', 8778, '2025-11-09 22:32:58', '2025-11-09 22:32:58'),
(32, 'Elvira Serrano Espada', '12345032AF', '600001032', 'MásMóvil 300', 8778, '2025-11-09 22:32:58', '2025-11-09 22:32:58'),
(33, 'Fernando Sánchez Benítez', '12345033AG', '600001033', 'Lowi 600', 8778, '2025-11-09 22:32:58', '2025-11-09 22:32:58'),
(34, 'Soledad Riquelme Soto', '12345034AH', '600001034', 'Pepephone 300', 8778, '2025-11-09 22:32:58', '2025-11-09 22:32:58'),
(35, 'Ángel Rivero Pascual', '12345035AI', '600001035', 'Movistar Fibra', 8778, '2025-11-09 22:32:58', '2025-11-09 22:32:58'),
(36, 'Magdalena Rosales García', '12345036AJ', '600001036', 'Orange Fibra', 8778, '2025-11-09 22:32:58', '2025-11-09 22:32:58'),
(37, 'Guillermo Sastre López', '12345037AK', '600001037', 'Vodafone Fibra', 8778, '2025-11-09 22:32:58', '2025-11-09 22:32:58'),
(38, 'Esperanza Seoane García', '12345038AL', '600001038', 'Fibra + TV', 8778, '2025-11-09 22:32:58', '2025-11-09 22:32:58'),
(39, 'Jaime Serena Martín', '12345039AM', '600001039', 'Jazztel + TV', 8778, '2025-11-09 22:32:58', '2025-11-09 22:32:58'),
(40, 'Antonia Serna Ruiz', '12345040AN', '600001040', 'MásMóvil + TV', 8778, '2025-11-09 22:32:58', '2025-11-09 22:32:58'),
(41, 'Agustín Sierra López', '12345041AO', '600001041', 'Lowi + TV', 8778, '2025-11-09 22:32:58', '2025-11-09 22:32:58'),
(42, 'Blas Sigüenza García', '12345042AP', '600001042', 'Pepephone + TV', 8778, '2025-11-09 22:32:58', '2025-11-09 22:32:58'),
(43, 'Casimiro Silva López', '12345043AQ', '600001043', 'Fibra Premium', 8778, '2025-11-09 22:32:58', '2025-11-09 22:32:58'),
(44, 'Delfina Soler García', '12345044AR', '600001044', 'Movistar Premium', 8778, '2025-11-09 22:32:58', '2025-11-09 22:32:58'),
(45, 'Emilio Somoza López', '12345045AS', '600001045', 'Orange Premium', 8778, '2025-11-09 22:32:58', '2025-11-09 22:32:58'),
(46, 'Fabiana Soriano García', '12345046AT', '600001046', 'Vodafone Premium', 8778, '2025-11-09 22:32:58', '2025-11-09 22:32:58'),
(47, 'Ginés Sorolla López', '12345047AU', '600001047', 'Fibra + Luz', 8778, '2025-11-09 22:32:58', '2025-11-09 22:32:58'),
(48, 'Hilaria Soto García', '12345048AV', '600001048', 'Fibra + Gas', 8778, '2025-11-09 22:32:58', '2025-11-09 22:32:58'),
(49, 'Ignacio Suárez López', '12345049AW', '600001049', 'Fibra Total', 8778, '2025-11-09 22:32:58', '2025-11-09 22:32:58'),
(50, 'Justa Suárez García', '12345050AX', '600001050', 'Movistar Total+', 8778, '2025-11-09 22:32:58', '2025-11-09 22:32:58'),
(51, 'Leoncio Pena Martínez', '12346001A', '600002001', 'Fibra 600 + 2L 50GB', 8779, '2025-11-09 22:32:58', '2025-11-09 22:48:30'),
(52, 'Margarita Sáenz García', '12346002B', '600002002', 'Fibra 1GB + 3L 100GB', 8779, '2025-11-09 22:32:58', '2025-11-09 22:32:58'),
(53, 'Máximo Vega López', '12346003C', '600002003', 'Fibra 300 + 1L 30GB', 8779, '2025-11-09 22:32:58', '2025-11-09 22:32:58'),
(54, 'Natalia Valles Ruiz', '12346004D', '600002004', 'Movistar Fusión 600', 8779, '2025-11-09 22:32:58', '2025-11-09 22:32:58'),
(55, 'Obdulio Valdez Santos', '12346005E', '600002005', 'Orange Love 300', 8779, '2025-11-09 22:32:58', '2025-11-09 22:32:58'),
(56, 'Oliva Vanegas Campos', '12346006F', '600002006', 'Vodafone One 1GB', 8779, '2025-11-09 22:32:58', '2025-11-09 22:32:58'),
(57, 'Patricio Vázquez Pérez', '12346007G', '600002007', 'Jazztel 600 + TV', 8779, '2025-11-09 22:32:58', '2025-11-09 22:32:58'),
(58, 'Quintín Velarde Rodríguez', '12346008H', '600002008', 'Lowi 300Mb', 8779, '2025-11-09 22:32:58', '2025-11-09 22:32:58'),
(59, 'Rafaela Velasco Fernández', '12346009I', '600002009', 'MásMóvil Fibra 600', 8779, '2025-11-09 22:32:58', '2025-11-09 22:32:58'),
(60, 'Saturnino Veloso Jiménez', '12346010J', '600002010', 'Pepephone 100Mb', 8779, '2025-11-09 22:32:58', '2025-11-09 22:32:58'),
(61, 'Teodora Veleta Morales', '12346011K', '600002011', 'Fibra 500 + 2L', 8779, '2025-11-09 22:32:58', '2025-11-09 22:32:58'),
(62, 'Timoteo Vendrell Navarro', '12346012L', '600002012', 'Movistar Ilimitado', 8779, '2025-11-09 22:32:58', '2025-11-09 22:32:58'),
(63, 'Úrsula Venetiano Sanz', '12346013M', '600002013', 'Orange TV + Fibra', 8779, '2025-11-09 22:32:58', '2025-11-09 22:32:58'),
(64, 'Valeria Venicio Varela', '12346014N', '600002014', 'Vodafone Fusión', 8779, '2025-11-09 22:32:58', '2025-11-09 22:32:58'),
(65, 'Venancia Ventura González', '12346015O', '600002015', 'Fibra 600 + Luz', 8779, '2025-11-09 22:32:58', '2025-11-09 22:32:58'),
(66, 'Vicente Vera López', '12346016P', '600002016', 'Jazztel Móvil', 8779, '2025-11-09 22:32:58', '2025-11-09 22:32:58'),
(67, 'Violeta Verástegui Ramírez', '12346017Q', '600002017', 'MásMóvil Móvil', 8779, '2025-11-09 22:32:58', '2025-11-09 22:32:58'),
(68, 'Virgilio Vereda Rodríguez', '12346018R', '600002018', 'Lowi Fibra', 8779, '2025-11-09 22:32:58', '2025-11-09 22:32:58'),
(69, 'Visitación Verete García', '12346019S', '600002019', 'Movistar 1GB', 8779, '2025-11-09 22:32:58', '2025-11-09 22:32:58'),
(70, 'Vladimiro Vergado Martínez', '12346020T', '600002020', 'Orange 600Mb', 8779, '2025-11-09 22:32:58', '2025-11-09 22:32:58'),
(71, 'Waldemar Vergas Fernández', '12346021U', '600002021', 'Vodafone 300', 8779, '2025-11-09 22:32:58', '2025-11-09 22:32:58'),
(72, 'Waldina Vergel Díaz', '12346022V', '600002022', 'Fibra FTTH', 8779, '2025-11-09 22:32:58', '2025-11-09 22:32:58'),
(73, 'Waldo Vergeta García', '12346023W', '600002023', 'Jazztel Premium', 8779, '2025-11-09 22:32:58', '2025-11-09 22:32:58'),
(74, 'Wilfrida Vergona López', '12346024X', '600002024', 'MásMóvil Premium', 8779, '2025-11-09 22:32:58', '2025-11-09 22:32:58'),
(75, 'Wilmar Vergoña Sánchez', '12346025Y', '600002025', 'Pepephone Premium', 8779, '2025-11-09 22:32:58', '2025-11-09 22:32:58'),
(76, 'Wilo Vergueta García', '12346026Z', '600002026', 'Fibra + Móvil', 8779, '2025-11-09 22:32:58', '2025-11-09 22:32:58'),
(77, 'Wilredo Verguilla Martínez', '12346027AA', '600002027', 'Movistar Total', 8779, '2025-11-09 22:32:58', '2025-11-09 22:32:58'),
(78, 'Winfreda Verguillano López', '12346028AB', '600002028', 'Orange Total', 8779, '2025-11-09 22:32:58', '2025-11-09 22:32:58'),
(79, 'Xenia Verguita González', '12346029AC', '600002029', 'Vodafone Total', 8779, '2025-11-09 22:32:58', '2025-11-09 22:32:58'),
(80, 'Ximena Verguizal Soto', '12346030AD', '600002030', 'Fibra 1GB', 8779, '2025-11-09 22:32:58', '2025-11-09 22:32:58'),
(81, 'Yago Verguizo Domínguez', '12346031AE', '600002031', 'Jazztel 300', 8779, '2025-11-09 22:32:58', '2025-11-09 22:32:58'),
(82, 'Yaiza Verguiza Fernández', '12346032AF', '600002032', 'MásMóvil 300', 8779, '2025-11-09 22:32:58', '2025-11-09 22:32:58'),
(83, 'Yanira Verguizal Gómez', '12346033AG', '600002033', 'Lowi 600', 8779, '2025-11-09 22:32:58', '2025-11-09 22:32:58'),
(84, 'Yarema Verguizana García', '12346034AH', '600002034', 'Pepephone 300', 8779, '2025-11-09 22:32:58', '2025-11-09 22:32:58'),
(85, 'Yásmina Verguizo López', '12346035AI', '600002035', 'Movistar Fibra', 8779, '2025-11-09 22:32:58', '2025-11-09 22:32:58'),
(86, 'Yaxeni Verhare Martínez', '12346036AJ', '600002036', 'Orange Fibra', 8779, '2025-11-09 22:32:58', '2025-11-09 22:32:58'),
(87, 'Yeiddy Verherena Rodríguez', '12346037AK', '600002037', 'Vodafone Fibra', 8779, '2025-11-09 22:32:58', '2025-11-09 22:32:58'),
(88, 'Yeime Verheridad Fernández', '12346038AL', '600002038', 'Fibra + TV', 8779, '2025-11-09 22:32:58', '2025-11-09 22:32:58'),
(89, 'Yeison Verhería García', '12346039AM', '600002039', 'Jazztel + TV', 8779, '2025-11-09 22:32:58', '2025-11-09 22:32:58'),
(90, 'Yelixa Verherica López', '12346040AN', '600002040', 'MásMóvil + TV', 8779, '2025-11-09 22:32:58', '2025-11-09 22:32:58'),
(91, 'Yelisse Verherida Martínez', '12346041AO', '600002041', 'Lowi + TV', 8779, '2025-11-09 22:32:58', '2025-11-09 22:32:58'),
(92, 'Yenca Verheridor González', '12346042AP', '600002042', 'Pepephone + TV', 8779, '2025-11-09 22:32:58', '2025-11-09 22:32:58'),
(93, 'Yeniamira Verheril Sánchez', '12346043AQ', '600002043', 'Fibra Premium', 8779, '2025-11-09 22:32:58', '2025-11-09 22:32:58'),
(94, 'Yenny Verhero García', '12346044AR', '600002044', 'Movistar Premium', 8779, '2025-11-09 22:32:58', '2025-11-09 22:32:58'),
(95, 'Yeraldin Verherol López', '12346045AS', '600002045', 'Orange Premium', 8779, '2025-11-09 22:32:58', '2025-11-09 22:32:58'),
(96, 'Yeray Verherola Martínez', '12346046AT', '600002046', 'Vodafone Premium', 8779, '2025-11-09 22:32:58', '2025-11-09 22:32:58'),
(97, 'Yeremi Verherolá García', '12346047AU', '600002047', 'Fibra + Luz', 8779, '2025-11-09 22:32:58', '2025-11-09 22:32:58'),
(98, 'Yerialys Verherolia López', '12346048AV', '600002048', 'Fibra + Gas', 8779, '2025-11-09 22:32:58', '2025-11-09 22:32:58'),
(99, 'Yermain Verherolina Martínez', '12346049AW', '600002049', 'Fibra Total', 8779, '2025-11-09 22:32:58', '2025-11-09 22:32:58'),
(100, 'Yermancia Verherolino Fernández', '12346050AX', '600002050', 'Movistar Total+', 8779, '2025-11-09 22:32:58', '2025-11-09 22:32:58'),
(101, 'Zacarías Pabón González', '12347001A', '600003001', 'Fibra 600 + 2L 50GB', 8780, '2025-11-09 22:32:58', '2025-11-09 22:32:58'),
(102, 'Zenaida Pacheco Ramírez', '12347002B', '600003002', 'Fibra 1GB + 3L 100GB', 8780, '2025-11-09 22:32:58', '2025-11-09 22:32:58'),
(103, 'Zenón Pachón García', '12347003C', '600003003', 'Fibra 300 + 1L 30GB', 8780, '2025-11-09 22:32:58', '2025-11-09 22:32:58'),
(104, 'Zeida Padilla López', '12347004D', '600003004', 'Movistar Fusión 600', 8780, '2025-11-09 22:32:58', '2025-11-09 22:32:58'),
(105, 'Zeferina Padro Martínez', '12347005E', '600003005', 'Orange Love 300', 8780, '2025-11-09 22:32:58', '2025-11-09 22:32:58'),
(106, 'Zeferino Padrón Sánchez', '12347006F', '600003006', 'Vodafone One 1GB', 8780, '2025-11-09 22:32:58', '2025-11-09 22:32:58'),
(107, 'Zelmira Padroso Fernández', '12347007G', '600003007', 'Jazztel 600 + TV', 8780, '2025-11-09 22:32:58', '2025-11-09 22:32:58'),
(108, 'Zelda Paganini Díaz', '12347008H', '600003008', 'Lowi 300Mb', 8780, '2025-11-09 22:32:58', '2025-11-09 22:32:58'),
(109, 'Zélia Pagano García', '12347009I', '600003009', 'MásMóvil Fibra 600', 8780, '2025-11-09 22:32:58', '2025-11-09 22:32:58'),
(110, 'Zelia Pagés López', '12347010J', '600003010', 'Pepephone 100Mb', 8780, '2025-11-09 22:32:58', '2025-11-09 22:32:58'),
(111, 'Zelidor Pagetti Martínez', '12347011K', '600003011', 'Fibra 500 + 2L', 8780, '2025-11-09 22:32:58', '2025-11-09 22:32:58'),
(112, 'Zelita Pagliaci Sánchez', '12347012L', '600003012', 'Movistar Ilimitado', 8780, '2025-11-09 22:32:58', '2025-11-09 22:32:58'),
(113, 'Zelmina Pagliarani Fernández', '12347013M', '600003013', 'Orange TV + Fibra', 8780, '2025-11-09 22:32:58', '2025-11-09 22:32:58'),
(114, 'Zelmira Pagliariño Díaz', '12347014N', '600003014', 'Vodafone Fusión', 8780, '2025-11-09 22:32:58', '2025-11-09 22:32:58'),
(115, 'Zelota Pagliola García', '12347015O', '600003015', 'Fibra 600 + Luz', 8780, '2025-11-09 22:32:58', '2025-11-09 22:32:58'),
(116, 'Zelta Pagliota López', '12347016P', '600003016', 'Jazztel Móvil', 8780, '2025-11-09 22:32:58', '2025-11-09 22:32:58'),
(117, 'Zelvira Pagliula Martínez', '12347017Q', '600003017', 'MásMóvil Móvil', 8780, '2025-11-09 22:32:58', '2025-11-09 22:32:58'),
(118, 'Zenaida Paglitana Sánchez', '12347018R', '600003018', 'Lowi Fibra', 8780, '2025-11-09 22:32:58', '2025-11-09 22:32:58'),
(119, 'Zenobia Paglitano Fernández', '12347019S', '600003019', 'Movistar 1GB', 8780, '2025-11-09 22:32:58', '2025-11-09 22:32:58'),
(120, 'Zeonia Paglucio Díaz', '12347020T', '600003020', 'Orange 600Mb', 8780, '2025-11-09 22:32:58', '2025-11-09 22:32:58'),
(121, 'Zeotila Pagluda García', '12347021U', '600003021', 'Vodafone 300', 8780, '2025-11-09 22:32:58', '2025-11-09 22:32:58'),
(122, 'Zepelia Pagludo López', '12347022V', '600003022', 'Fibra FTTH', 8780, '2025-11-09 22:32:58', '2025-11-09 22:32:58'),
(123, 'Zepia Pagludón Martínez', '12347023W', '600003023', 'Jazztel Premium', 8780, '2025-11-09 22:32:58', '2025-11-09 22:32:58'),
(124, 'Zepidia Pagludoso Sánchez', '12347024X', '600003024', 'MásMóvil Premium', 8780, '2025-11-09 22:32:58', '2025-11-09 22:32:58'),
(125, 'Zepidio Pagludota Fernández', '12347025Y', '600003025', 'Pepephone Premium', 8780, '2025-11-09 22:32:58', '2025-11-09 22:32:58'),
(126, 'Zeqenia Pagludoto Díaz', '12347026Z', '600003026', 'Fibra + Móvil', 8780, '2025-11-09 22:32:58', '2025-11-09 22:32:58'),
(127, 'Zeqidio Pagludotón García', '12347027AA', '600003027', 'Movistar Total', 8780, '2025-11-09 22:32:58', '2025-11-09 22:32:58'),
(128, 'Zequel Pagluduca López', '12347028AB', '600003028', 'Orange Total', 8780, '2025-11-09 22:32:58', '2025-11-09 22:32:58'),
(129, 'Zequerela Pagluduco Martínez', '12347029AC', '600003029', 'Vodafone Total', 8780, '2025-11-09 22:32:58', '2025-11-09 22:32:58'),
(130, 'Zequereta Paglududa Sánchez', '12347030AD', '600003030', 'Fibra 1GB', 8780, '2025-11-09 22:32:58', '2025-11-09 22:32:58'),
(131, 'Zequerete Pagludu Fernández', '12347031AE', '600003031', 'Jazztel 300', 8780, '2025-11-09 22:32:58', '2025-11-09 22:32:58'),
(132, 'Zequereto Pagludus Díaz', '12347032AF', '600003032', 'MásMóvil 300', 8780, '2025-11-09 22:32:58', '2025-11-09 22:32:58'),
(133, 'Zequereza Pagluduta García', '12347033AG', '600003033', 'Lowi 600', 8780, '2025-11-09 22:32:58', '2025-11-09 22:32:58'),
(134, 'Zequeriza Pagluduto López', '12347034AH', '600003034', 'Pepephone 300', 8780, '2025-11-09 22:32:58', '2025-11-09 22:32:58'),
(135, 'Zequeruza Pagludutón Martínez', '12347035AI', '600003035', 'Movistar Fibra', 8780, '2025-11-09 22:32:58', '2025-11-09 22:32:58'),
(136, 'Zequeta Pagludilla Sánchez', '12347036AJ', '600003036', 'Orange Fibra', 8780, '2025-11-09 22:32:58', '2025-11-09 22:32:58'),
(137, 'Zequetilla Pagludillaje Fernández', '12347037AK', '600003037', 'Vodafone Fibra', 8780, '2025-11-09 22:32:58', '2025-11-09 22:32:58'),
(138, 'Zequeton Pagludillao Díaz', '12347038AL', '600003038', 'Fibra + TV', 8780, '2025-11-09 22:32:58', '2025-11-09 22:32:58'),
(139, 'Zequetonda Pagludillasa García', '12347039AM', '600003039', 'Jazztel + TV', 8780, '2025-11-09 22:32:58', '2025-11-09 22:32:58'),
(140, 'Zequeu Pagludillaso López', '12347040AN', '600003040', 'MásMóvil + TV', 8780, '2025-11-09 22:32:58', '2025-11-09 22:32:58'),
(141, 'Zequia Pagludillat Martínez', '12347041AO', '600003041', 'Lowi + TV', 8780, '2025-11-09 22:32:58', '2025-11-09 22:32:58'),
(142, 'Zequiaco Pagludillato Sánchez', '12347042AP', '600003042', 'Pepephone + TV', 8780, '2025-11-09 22:32:58', '2025-11-09 22:32:58'),
(143, 'Zequiada Pagludillatón Fernández', '12347043AQ', '600003043', 'Fibra Premium', 8780, '2025-11-09 22:32:58', '2025-11-09 22:32:58'),
(144, 'Zequiala Pagludillazo Díaz', '12347044AR', '600003044', 'Movistar Premium', 8780, '2025-11-09 22:32:58', '2025-11-09 22:32:58'),
(145, 'Zequiama Pagludillaza García', '12347045AS', '600003045', 'Orange Premium', 8780, '2025-11-09 22:32:58', '2025-11-09 22:32:58'),
(146, 'Zequiana Pagludillazón López', '12347046AT', '600003046', 'Vodafone Premium', 8780, '2025-11-09 22:32:58', '2025-11-09 22:32:58'),
(147, 'Zequiano Pagludillé Martínez', '12347047AU', '600003047', 'Fibra + Luz', 8780, '2025-11-09 22:32:58', '2025-11-09 22:32:58'),
(148, 'Zequid Pagludilla Sánchez', '12347048AV', '600003048', 'Fibra + Gas', 8780, '2025-11-09 22:32:58', '2025-11-09 22:32:58'),
(149, 'Zequidio Pagludillo Fernández', '12347049AW', '600003049', 'Fibra Total', 8780, '2025-11-09 22:32:58', '2025-11-09 22:32:58'),
(150, 'Zequidon Pagludillos Díaz', '12347050AX', '600003050', 'Movistar Total+', 8780, '2025-11-09 22:32:58', '2025-11-09 22:32:58'),
(151, 'Alberto García Ruiz', '12348001A', '600004001', 'Fibra 600 + 2L 50GB', 8781, '2025-11-09 22:32:58', '2025-11-09 22:32:58'),
(152, 'Beatriz López Martínez', '12348002B', '600004002', 'Fibra 1GB + 3L 100GB', 8781, '2025-11-09 22:32:58', '2025-11-09 22:32:58'),
(153, 'Cristina Sánchez García', '12348003C', '600004003', 'Fibra 300 + 1L 30GB', 8781, '2025-11-09 22:32:58', '2025-11-09 22:32:58'),
(154, 'David Rodríguez López', '12348004D', '600004004', 'Movistar Fusión 600', 8781, '2025-11-09 22:32:58', '2025-11-09 22:32:58'),
(155, 'Elena Martínez González', '12348005E', '600004005', 'Orange Love 300', 8781, '2025-11-09 22:32:58', '2025-11-09 22:32:58'),
(156, 'Felipe Fernández Pérez', '12348006F', '600004006', 'Vodafone One 1GB', 8781, '2025-11-09 22:32:58', '2025-11-09 22:32:58'),
(157, 'Gabriela Díaz Rodríguez', '12348007G', '600004007', 'Jazztel 600 + TV', 8781, '2025-11-09 22:32:58', '2025-11-09 22:32:58'),
(158, 'Héctor González Martínez', '12348008H', '600004008', 'Lowi 300Mb', 8781, '2025-11-09 22:32:58', '2025-11-09 22:32:58'),
(159, 'Irene Gómez López', '12348009I', '600004009', 'MásMóvil Fibra 600', 8781, '2025-11-09 22:32:58', '2025-11-09 22:32:58'),
(160, 'Javier Jiménez García', '12348010J', '600004010', 'Pepephone 100Mb', 8781, '2025-11-09 22:32:58', '2025-11-09 22:32:58'),
(161, 'Katrina Vargas Sánchez', '12348011K', '600004011', 'Fibra 500 + 2L', 8781, '2025-11-09 22:32:58', '2025-11-09 22:32:58'),
(162, 'Luis Morales García', '12348012L', '600004012', 'Movistar Ilimitado', 8781, '2025-11-09 22:32:58', '2025-11-09 22:32:58'),
(163, 'Mónica Navarro López', '12348013M', '600004013', 'Orange TV + Fibra', 8781, '2025-11-09 22:32:58', '2025-11-09 22:32:58'),
(164, 'Néstor Cabrera Martínez', '12348014N', '600004014', 'Vodafone Fusión', 8781, '2025-11-09 22:32:58', '2025-11-09 22:32:58'),
(165, 'Óscar Peña García', '12348015O', '600004015', 'Fibra 600 + Luz', 8781, '2025-11-09 22:32:58', '2025-11-09 22:32:58'),
(166, 'Patricia Romero López', '12348016P', '600004016', 'Jazztel Móvil', 8781, '2025-11-09 22:32:58', '2025-11-09 22:32:58'),
(167, 'Quirino Sáenz Martínez', '12348017Q', '600004017', 'MásMóvil Móvil', 8781, '2025-11-09 22:32:58', '2025-11-09 22:32:58'),
(168, 'Roberto Castillo García', '12348018R', '600004018', 'Lowi Fibra', 8781, '2025-11-09 22:32:58', '2025-11-09 22:32:58'),
(169, 'Sofía Serrano López', '12348019S', '600004019', 'Movistar 1GB', 8781, '2025-11-09 22:32:58', '2025-11-09 22:32:58'),
(170, 'Tomás Medina González', '12348020T', '600004020', 'Orange 600Mb', 8781, '2025-11-09 22:32:58', '2025-11-09 22:32:58'),
(171, 'Úrsula Robledo Martínez', '12348021U', '600004021', 'Vodafone 300', 8781, '2025-11-09 22:32:58', '2025-11-09 22:32:58'),
(172, 'Valentín Urbano García', '12348022V', '600004022', 'Fibra FTTH', 8781, '2025-11-09 22:32:58', '2025-11-09 22:32:58'),
(173, 'Wendy Vásquez López', '12348023W', '600004023', 'Jazztel Premium', 8781, '2025-11-09 22:32:58', '2025-11-09 22:32:58'),
(174, 'Xavier Villanueva Martínez', '12348024X', '600004024', 'MásMóvil Premium', 8781, '2025-11-09 22:32:58', '2025-11-09 22:32:58'),
(175, 'Yolanda Villegas García', '12348025Y', '600004025', 'Pepephone Premium', 8781, '2025-11-09 22:32:58', '2025-11-09 22:32:58'),
(176, 'Zoraida Zapata López', '12348026Z', '600004026', 'Fibra + Móvil', 8781, '2025-11-09 22:32:58', '2025-11-09 22:32:58'),
(177, 'Adrián Acosta Martínez', '12348027AA', '600004027', 'Movistar Total', 8781, '2025-11-09 22:32:58', '2025-11-09 22:32:58'),
(178, 'Benigna Aguilar García', '12348028AB', '600004028', 'Orange Total', 8781, '2025-11-09 22:32:58', '2025-11-09 22:32:58'),
(179, 'Celeste Aguirre López', '12348029AC', '600004029', 'Vodafone Total', 8781, '2025-11-09 22:32:58', '2025-11-09 22:32:58'),
(180, 'Darío Alarcón Martínez', '12348030AD', '600004030', 'Fibra 1GB', 8781, '2025-11-09 22:32:58', '2025-11-09 22:32:58'),
(181, 'Evangelina Alava García', '12348031AE', '600004031', 'Jazztel 300', 8781, '2025-11-09 22:32:58', '2025-11-09 22:32:58'),
(182, 'Fabio Alameda López', '12348032AF', '600004032', 'MásMóvil 300', 8781, '2025-11-09 22:32:58', '2025-11-09 22:32:58'),
(183, 'Gilberta Alba Martínez', '12348033AG', '600004033', 'Lowi 600', 8781, '2025-11-09 22:32:58', '2025-11-09 22:32:58'),
(184, 'Héctor Albarado García', '12348034AH', '600004034', 'Pepephone 300', 8781, '2025-11-09 22:32:58', '2025-11-09 22:32:58'),
(185, 'Iñigo Albarracín López', '12348035AI', '600004035', 'Movistar Fibra', 8781, '2025-11-09 22:32:58', '2025-11-09 22:32:58'),
(186, 'Jacinto Albarán Martínez', '12348036AJ', '600004036', 'Orange Fibra', 8781, '2025-11-09 22:32:58', '2025-11-09 22:32:58'),
(187, 'Karina Albasini García', '12348037AK', '600004037', 'Vodafone Fibra', 8781, '2025-11-09 22:32:58', '2025-11-09 22:32:58'),
(188, 'Leopoldo Alberni López', '12348038AL', '600004038', 'Fibra + TV', 8781, '2025-11-09 22:32:58', '2025-11-09 22:32:58'),
(189, 'Marcelino Alberto Martínez', '12348039AM', '600004039', 'Jazztel + TV', 8781, '2025-11-09 22:32:58', '2025-11-09 22:32:58'),
(190, 'Nicolás Albín García', '12348040AN', '600004040', 'MásMóvil + TV', 8781, '2025-11-09 22:32:58', '2025-11-09 22:32:58'),
(191, 'Onésimo Albino López', '12348041AO', '600004041', 'Lowi + TV', 8781, '2025-11-09 22:32:58', '2025-11-09 22:32:58'),
(192, 'Pascual Albites Martínez', '12348042AP', '600004042', 'Pepephone + TV', 8781, '2025-11-09 22:32:58', '2025-11-09 22:32:58'),
(193, 'Queta Albizuri García', '12348043AQ', '600004043', 'Fibra Premium', 8781, '2025-11-09 22:32:58', '2025-11-09 22:32:58'),
(194, 'Rodolfo Albizure López', '12348044AR', '600004044', 'Movistar Premium', 8781, '2025-11-09 22:32:58', '2025-11-09 22:32:58'),
(195, 'Sebastián Albizu Martínez', '12348045AS', '600004045', 'Orange Premium', 8781, '2025-11-09 22:32:58', '2025-11-09 22:32:58'),
(196, 'Tácito Albizu García', '12348046AT', '600004046', 'Vodafone Premium', 8781, '2025-11-09 22:32:58', '2025-11-09 22:32:58'),
(197, 'Ubaldo Albo López', '12348047AU', '600004047', 'Fibra + Luz', 8781, '2025-11-09 22:32:58', '2025-11-09 22:32:58'),
(198, 'Valente Albogás Martínez', '12348048AV', '600004048', 'Fibra + Gas', 8781, '2025-11-09 22:32:58', '2025-11-09 22:32:58'),
(199, 'Wagner Albogaray García', '12348049AW', '600004049', 'Fibra Total', 8781, '2025-11-09 22:32:58', '2025-11-09 22:32:58'),
(200, 'Xandra Albonico López', '12348050AX', '600004050', 'Movistar Total+', 8781, '2025-11-09 22:32:58', '2025-11-09 22:32:58'),
(201, 'Abelardo Alcantar Ruiz', '12349001A', '600005001', 'Fibra 600 + 2L 50GB', 8782, '2025-11-09 22:32:58', '2025-11-09 22:32:58'),
(202, 'Amparo Alcance García', '12349002B', '600005002', 'Fibra 1GB + 3L 100GB', 8782, '2025-11-09 22:32:58', '2025-11-09 22:32:58'),
(203, 'Angelina Alcaide López', '12349003C', '600005003', 'Fibra 300 + 1L 30GB', 8782, '2025-11-09 22:32:58', '2025-11-09 22:32:58'),
(204, 'Aníbal Alcalá Martínez', '12349004D', '600005004', 'Movistar Fusión 600', 8782, '2025-11-09 22:32:58', '2025-11-09 22:32:58'),
(205, 'Antonia Alcalde González', '12349005E', '600005005', 'Orange Love 300', 8782, '2025-11-09 22:32:58', '2025-11-09 22:32:58'),
(206, 'Ariel Alcalino Sánchez', '12349006F', '600005006', 'Vodafone One 1GB', 8782, '2025-11-09 22:32:58', '2025-11-09 22:32:58'),
(207, 'Armando Alcances Pérez', '12349007G', '600005007', 'Jazztel 600 + TV', 8782, '2025-11-09 22:32:58', '2025-11-09 22:32:58'),
(208, 'Artemio Alcantara Díaz', '12349008H', '600005008', 'Lowi 300Mb', 8782, '2025-11-09 22:32:58', '2025-11-09 22:32:58'),
(209, 'Arturo Alcaparra García', '12349009I', '600005009', 'MásMóvil Fibra 600', 8782, '2025-11-09 22:32:58', '2025-11-09 22:32:58'),
(210, 'Ascensión Alcaraz López', '12349010J', '600005010', 'Pepephone 100Mb', 8782, '2025-11-09 22:32:58', '2025-11-09 22:32:58'),
(211, 'Aurelio Alcarcén Martínez', '12349011K', '600005011', 'Fibra 500 + 2L', 8782, '2025-11-09 22:32:58', '2025-11-09 22:32:58'),
(212, 'Aurora Alcarena González', '12349012L', '600005012', 'Movistar Ilimitado', 8782, '2025-11-09 22:32:58', '2025-11-09 22:32:58'),
(213, 'Avelino Alcarilla Sánchez', '12349013M', '600005013', 'Orange TV + Fibra', 8782, '2025-11-09 22:32:58', '2025-11-09 22:32:58'),
(214, 'Baldomero Alcariz Pérez', '12349014N', '600005014', 'Vodafone Fusión', 8782, '2025-11-09 22:32:58', '2025-11-09 22:32:58'),
(215, 'Baltasar Alcarizo Díaz', '12349015O', '600005015', 'Fibra 600 + Luz', 8782, '2025-11-09 22:32:58', '2025-11-09 22:32:58'),
(216, 'Banfil Alcármenes García', '12349016P', '600005016', 'Jazztel Móvil', 8782, '2025-11-09 22:32:58', '2025-11-09 22:32:58'),
(217, 'Baquero Alcarmino López', '12349017Q', '600005017', 'MásMóvil Móvil', 8782, '2025-11-09 22:32:58', '2025-11-09 22:32:58'),
(218, 'Baraquiel Alcarmona Martínez', '12349018R', '600005018', 'Lowi Fibra', 8782, '2025-11-09 22:32:58', '2025-11-09 22:32:58'),
(219, 'Barba Alcarnazo González', '12349019S', '600005019', 'Movistar 1GB', 8782, '2025-11-09 22:32:58', '2025-11-09 22:32:58'),
(220, 'Barbaro Alcarneño Sánchez', '12349020T', '600005020', 'Orange 600Mb', 8782, '2025-11-09 22:32:58', '2025-11-09 22:32:58'),
(221, 'Barbarroja Alcarolé Pérez', '12349021U', '600005021', 'Vodafone 300', 8782, '2025-11-09 22:32:58', '2025-11-09 22:32:58'),
(222, 'Barbasán Alcaroña Díaz', '12349022V', '600005022', 'Fibra FTTH', 8782, '2025-11-09 22:32:58', '2025-11-09 22:32:58'),
(223, 'Barbazán Alcarota García', '12349023W', '600005023', 'Jazztel Premium', 8782, '2025-11-09 22:32:58', '2025-11-09 22:32:58'),
(224, 'Barbecho Alcarote López', '12349024X', '600005024', 'MásMóvil Premium', 8782, '2025-11-09 22:32:58', '2025-11-09 22:32:58'),
(225, 'Barbería Alcaroza Martínez', '12349025Y', '600005025', 'Pepephone Premium', 8782, '2025-11-09 22:32:58', '2025-11-09 22:32:58'),
(226, 'Barberuela Alcarozazo González', '12349026Z', '600005026', 'Fibra + Móvil', 8782, '2025-11-09 22:32:58', '2025-11-09 22:32:58'),
(227, 'Barbeta Alcarpe Sánchez', '12349027AA', '600005027', 'Movistar Total', 8782, '2025-11-09 22:32:58', '2025-11-09 22:32:58'),
(228, 'Barbezudo Alcarpia Pérez', '12349028AB', '600005028', 'Orange Total', 8782, '2025-11-09 22:32:58', '2025-11-09 22:32:58'),
(229, 'Barbicacho Alcarpia Díaz', '12349029AC', '600005029', 'Vodafone Total', 8782, '2025-11-09 22:32:58', '2025-11-09 22:32:58'),
(230, 'Barbicano Alcarpía García', '12349030AD', '600005030', 'Fibra 1GB', 8782, '2025-11-09 22:32:58', '2025-11-09 22:32:58'),
(231, 'Barbicaña Alcarpiada López', '12349031AE', '600005031', 'Jazztel 300', 8782, '2025-11-09 22:32:58', '2025-11-09 22:32:58'),
(232, 'Barbichano Alcarpiano Martínez', '12349032AF', '600005032', 'MásMóvil 300', 8782, '2025-11-09 22:32:58', '2025-11-09 22:32:58'),
(233, 'Barbicoja Alcarpicho González', '12349033AG', '600005033', 'Lowi 600', 8782, '2025-11-09 22:32:58', '2025-11-09 22:32:58'),
(234, 'Barbicojo Alcarpiedad Sánchez', '12349034AH', '600005034', 'Pepephone 300', 8782, '2025-11-09 22:32:58', '2025-11-09 22:32:58'),
(235, 'Barbiella Alcarpiento Pérez', '12349035AI', '600005035', 'Movistar Fibra', 8782, '2025-11-09 22:32:58', '2025-11-09 22:32:58'),
(236, 'Barbilla Alcarpienta Díaz', '12349036AJ', '600005036', 'Orange Fibra', 8782, '2025-11-09 22:32:58', '2025-11-09 22:32:58'),
(237, 'Barbillada Alcarpienta García', '12349037AK', '600005037', 'Vodafone Fibra', 8782, '2025-11-09 22:32:58', '2025-11-09 22:32:58'),
(238, 'Barbillador Alcarpienta López', '12349038AL', '600005038', 'Fibra + TV', 8782, '2025-11-09 22:32:58', '2025-11-09 22:32:58'),
(239, 'Barbilladura Alcarpienta Martínez', '12349039AM', '600005039', 'Jazztel + TV', 8782, '2025-11-09 22:32:58', '2025-11-09 22:32:58'),
(240, 'Barbillador Alcarpienta González', '12349040AN', '600005040', 'MásMóvil + TV', 8782, '2025-11-09 22:32:58', '2025-11-09 22:32:58'),
(241, 'Barbillana Alcarpienta Sánchez', '12349041AO', '600005041', 'Lowi + TV', 8782, '2025-11-09 22:32:58', '2025-11-09 22:32:58'),
(242, 'Barbiluengo Alcarpienta Pérez', '12349042AP', '600005042', 'Pepephone + TV', 8782, '2025-11-09 22:32:58', '2025-11-09 22:32:58'),
(243, 'Barbinegra Alcarpienta Díaz', '12349043AQ', '600005043', 'Fibra Premium', 8782, '2025-11-09 22:32:58', '2025-11-09 22:32:58'),
(244, 'Barbinegro Alcarpienta García', '12349044AR', '600005044', 'Movistar Premium', 8782, '2025-11-09 22:32:58', '2025-11-09 22:32:58'),
(245, 'Barbinería Alcarpienta López', '12349045AS', '600005045', 'Orange Premium', 8782, '2025-11-09 22:32:58', '2025-11-09 22:32:58'),
(246, 'Barbiño Alcarpienta Martínez', '12349046AT', '600005046', 'Vodafone Premium', 8782, '2025-11-09 22:32:58', '2025-11-09 22:32:58'),
(247, 'Barbirredondo Alcarpienta González', '12349047AU', '600005047', 'Fibra + Luz', 8782, '2025-11-09 22:32:58', '2025-11-09 22:32:58'),
(248, 'Barbisacado Alcarpienta Sánchez', '12349048AV', '600005048', 'Fibra + Gas', 8782, '2025-11-09 22:32:58', '2025-11-09 22:32:58'),
(249, 'Barbispacio Alcarpienta Pérez', '12349049AW', '600005049', 'Fibra Total', 8782, '2025-11-09 22:32:58', '2025-11-09 22:32:58'),
(250, 'Barbisponda Alcarpienta Díaz', '12349050AX', '600005050', 'Movistar Total+', 8782, '2025-11-09 22:32:58', '2025-11-09 22:32:58');

-- --------------------------------------------------------

--
-- Estructura de tabla para la tabla `cliente_etiqueta`
--

CREATE TABLE `cliente_etiqueta` (
  `id` int(11) NOT NULL,
  `cliente_id` int(11) NOT NULL,
  `etiqueta_id` int(11) NOT NULL
) ENGINE=InnoDB DEFAULT CHARSET=utf8mb4 COLLATE=utf8mb4_uca1400_ai_ci;

--
-- Volcado de datos para la tabla `cliente_etiqueta`
--

INSERT INTO `cliente_etiqueta` (`id`, `cliente_id`, `etiqueta_id`) VALUES
(509, 1, 3),
(510, 2, 1),
(511, 3, 13),
(512, 4, 13),
(513, 5, 18),
(514, 6, 1),
(515, 7, 6),
(516, 8, 19),
(517, 9, 2),
(518, 10, 3),
(519, 11, 19),
(520, 12, 9),
(521, 13, 16),
(522, 14, 14),
(523, 15, 8),
(524, 16, 2),
(525, 17, 8),
(526, 18, 13),
(527, 19, 2),
(528, 20, 13),
(529, 21, 14),
(530, 22, 9),
(531, 23, 21),
(532, 24, 11),
(533, 25, 7),
(534, 26, 17),
(535, 27, 13),
(536, 28, 7),
(537, 29, 6),
(538, 30, 19),
(539, 31, 4),
(540, 32, 13),
(541, 33, 19),
(542, 34, 21),
(543, 35, 12),
(544, 36, 2),
(545, 37, 19),
(546, 38, 8),
(547, 39, 6),
(548, 40, 8),
(549, 41, 18),
(550, 42, 5),
(551, 43, 8),
(552, 44, 21),
(553, 45, 16),
(554, 46, 12),
(555, 47, 5),
(556, 48, 2),
(557, 49, 7),
(558, 50, 20),
(559, 51, 3),
(560, 52, 10),
(561, 53, 4),
(562, 54, 21),
(563, 55, 16),
(564, 56, 21),
(565, 57, 20),
(566, 58, 21),
(567, 59, 4),
(568, 60, 21),
(569, 61, 9),
(570, 62, 5),
(571, 63, 17),
(572, 64, 3),
(573, 65, 2),
(574, 66, 20),
(575, 67, 2),
(576, 68, 8),
(577, 69, 5),
(578, 70, 16),
(579, 71, 10),
(580, 72, 13),
(581, 73, 1),
(582, 74, 18),
(583, 75, 9),
(584, 76, 20),
(585, 77, 15),
(586, 78, 19),
(587, 79, 12),
(588, 80, 4),
(589, 81, 9),
(590, 82, 10),
(591, 83, 4),
(592, 84, 7),
(593, 85, 21),
(594, 86, 19),
(595, 87, 4),
(596, 88, 3),
(597, 89, 14),
(598, 90, 13),
(599, 91, 16),
(600, 92, 8),
(601, 93, 5),
(602, 94, 11),
(603, 95, 4),
(604, 96, 16),
(605, 97, 12),
(606, 98, 19),
(607, 99, 19),
(608, 100, 20),
(609, 101, 3),
(610, 102, 20),
(611, 103, 6),
(612, 104, 13),
(613, 105, 5),
(614, 106, 2),
(615, 107, 14),
(616, 108, 19),
(617, 109, 5),
(618, 110, 2),
(619, 111, 11),
(620, 112, 19),
(621, 113, 9),
(622, 114, 19),
(623, 115, 16),
(624, 116, 8),
(625, 117, 1),
(626, 118, 9),
(627, 119, 4),
(628, 120, 20),
(629, 121, 6),
(630, 122, 16),
(631, 123, 1),
(632, 124, 18),
(633, 125, 2),
(634, 126, 20),
(635, 127, 8),
(636, 128, 19),
(637, 129, 2),
(638, 130, 12),
(639, 131, 7),
(640, 132, 10),
(641, 133, 21),
(642, 134, 4),
(643, 135, 10),
(644, 136, 7),
(645, 137, 10),
(646, 138, 17),
(647, 139, 18),
(648, 140, 5),
(649, 141, 15),
(650, 142, 21),
(651, 143, 21),
(652, 144, 1),
(653, 145, 4),
(654, 146, 20),
(655, 147, 1),
(656, 148, 4),
(657, 149, 14),
(658, 150, 10),
(659, 151, 5),
(660, 152, 8),
(661, 153, 16),
(662, 154, 9),
(663, 155, 6),
(664, 156, 12),
(665, 157, 11),
(666, 158, 8),
(667, 159, 14),
(668, 160, 9),
(669, 161, 11),
(670, 162, 9),
(671, 163, 18),
(672, 164, 3),
(673, 165, 5),
(674, 166, 17),
(675, 167, 5),
(676, 168, 16),
(677, 169, 19),
(678, 170, 4),
(679, 171, 18),
(680, 172, 11),
(681, 173, 18),
(682, 174, 4),
(683, 175, 21),
(684, 176, 20),
(685, 177, 7),
(686, 178, 3),
(687, 179, 4),
(688, 180, 20),
(689, 181, 10),
(690, 182, 18),
(691, 183, 19),
(692, 184, 6),
(693, 185, 16),
(694, 186, 20),
(695, 187, 11),
(696, 188, 16),
(697, 189, 2),
(698, 190, 3),
(699, 191, 5),
(700, 192, 10),
(701, 193, 9),
(702, 194, 10),
(703, 195, 15),
(704, 196, 17),
(705, 197, 8),
(706, 198, 20),
(707, 199, 4),
(708, 200, 7),
(709, 201, 12),
(710, 202, 5),
(711, 203, 12),
(712, 204, 11),
(713, 205, 19),
(714, 206, 3),
(715, 207, 21),
(716, 208, 13),
(717, 209, 2),
(718, 210, 10),
(719, 211, 20),
(720, 212, 4),
(721, 213, 18),
(722, 214, 8),
(723, 215, 2),
(724, 216, 1),
(725, 217, 9),
(726, 218, 12),
(727, 219, 1),
(728, 220, 21),
(729, 221, 6),
(730, 222, 14),
(731, 223, 20),
(732, 224, 20),
(733, 225, 2),
(734, 226, 16),
(735, 227, 15),
(736, 228, 8),
(737, 229, 15),
(738, 230, 9),
(739, 231, 21),
(740, 232, 11),
(741, 233, 8),
(742, 234, 6),
(743, 235, 18),
(744, 236, 4),
(745, 237, 1),
(746, 238, 4),
(747, 239, 10),
(748, 240, 7),
(749, 241, 12),
(750, 242, 7),
(751, 243, 5),
(752, 244, 9),
(753, 245, 17),
(754, 246, 20),
(755, 247, 12),
(756, 248, 3),
(757, 249, 2),
(758, 250, 21);

-- --------------------------------------------------------

--
-- Estructura de tabla para la tabla `etiquetas`
--

CREATE TABLE `etiquetas` (
  `id` int(11) NOT NULL,
  `nombre` varchar(50) NOT NULL,
  `color` varchar(7) NOT NULL,
  `fecha_creacion` timestamp NOT NULL DEFAULT current_timestamp()
) ENGINE=InnoDB DEFAULT CHARSET=utf8mb4 COLLATE=utf8mb4_spanish_ci;

--
-- Volcado de datos para la tabla `etiquetas`
--

INSERT INTO `etiquetas` (`id`, `nombre`, `color`, `fecha_creacion`) VALUES
(1, 'RENTIK', '#000000', '2025-10-26 19:21:33'),
(2, 'FIBRA', '#8B4513', '2025-10-26 19:21:33'),
(3, 'BONO SOCIAL', '#FF0000', '2025-10-26 19:21:33'),
(4, 'LUZ', '#FFFF00', '2025-10-26 19:21:33'),
(5, 'YOIGO', '#800080', '2025-10-26 19:21:33'),
(6, 'MOVISTAR', '#0070C0', '2025-10-26 19:21:33'),
(7, 'VODAFONE', '#E60000', '2025-10-26 19:21:33'),
(8, 'FINETWORK', '#000000', '2025-10-26 19:21:33'),
(9, 'JAZZTEL', '#FF6600', '2025-10-26 19:21:33'),
(10, 'MASMOVIL', '#FFD700', '2025-10-26 19:21:33'),
(11, 'BUTIK', '#FFC0CB', '2025-10-26 19:21:33'),
(12, 'ORANGE', '#FF6600', '2025-10-26 19:21:33'),
(13, 'LOWI', '#FF0000', '2025-10-26 19:21:33'),
(14, 'PEPEPHONE', '#FF0000', '2025-10-26 19:21:33'),
(15, 'IBERDROLA', '#00A651', '2025-10-26 19:21:33'),
(16, 'REPSOL', '#FF6600', '2025-10-26 19:21:33'),
(17, 'NATURGI', '#00A651', '2025-10-26 19:21:33'),
(18, 'ENDESA', '#FFD700', '2025-10-26 19:21:33'),
(19, 'TOTALENERGI', '#0070C0', '2025-10-26 19:21:33'),
(20, 'OTROS', '#808080', '2025-10-26 19:21:33'),
(21, 'DIGI', '#0070C0', '2025-10-26 19:21:33');

-- --------------------------------------------------------

--
-- Estructura de tabla para la tabla `notas`
--

CREATE TABLE `notas` (
  `id` int(11) NOT NULL,
  `cliente_id` int(11) NOT NULL,
  `texto` text NOT NULL,
  `fecha_creacion` timestamp NULL DEFAULT current_timestamp()
) ENGINE=InnoDB DEFAULT CHARSET=utf8mb4 COLLATE=utf8mb4_uca1400_ai_ci;

--
-- Volcado de datos para la tabla `notas`
--

INSERT INTO `notas` (`id`, `cliente_id`, `texto`, `fecha_creacion`) VALUES
(13, 1, 'Cliente satisfecho con fibra', '2025-11-09 22:33:11'),
(14, 2, 'Requiere seguimiento', '2025-11-09 22:33:11'),
(15, 51, 'Cliente VIP', '2025-11-09 22:33:11'),
(16, 101, 'Importante para Manises', '2025-11-09 22:33:11'),
(17, 1, 'Cliente satisfecho con el servicio', '2025-11-09 22:34:28'),
(18, 2, 'Requiere seguimiento próximo mes', '2025-11-09 22:34:28'),
(19, 3, 'Cliente potencial para upgrade', '2025-11-09 22:34:28'),
(20, 4, 'Excelente experiencia de usuario', '2025-11-09 22:34:28'),
(21, 5, 'Seguimiento de facturación', '2025-11-09 22:34:28'),
(22, 6, 'Solicitar referencia de otros clientes', '2025-11-09 22:34:28'),
(23, 7, 'Cliente VIP - atención especial', '2025-11-09 22:34:28'),
(24, 8, 'Problema resuelto exitosamente', '2025-11-09 22:34:28'),
(25, 9, 'Pendiente de confirmación de datos', '2025-11-09 22:34:28'),
(26, 10, 'Consultar disponibilidad de productos', '2025-11-09 22:34:28'),
(27, 11, 'Buen cliente - mantener relación', '2025-11-09 22:34:28'),
(28, 12, 'Requiere capacitación adicional', '2025-11-09 22:34:28'),
(29, 13, 'Cliente preocupado por costos', '2025-11-09 22:34:28'),
(30, 14, 'Solicitudde ampliación de servicios', '2025-11-09 22:34:28'),
(31, 15, 'Cliente muy comunicativo', '2025-11-09 22:34:28'),
(32, 16, 'Necesita soporte técnico pronto', '2025-11-09 22:34:28'),
(33, 17, 'Cliente de confianza', '2025-11-09 22:34:28'),
(34, 18, 'Seguimiento de proyecto', '2025-11-09 22:34:28'),
(35, 19, 'Cliente nuevo - presentación', '2025-11-09 22:34:28'),
(36, 20, 'Revisión de contrato próxima semana', '2025-11-09 22:34:28'),
(37, 21, 'Nota de seguimiento cliente 21', '2025-11-09 22:34:28'),
(38, 22, 'Nota de seguimiento cliente 22', '2025-11-09 22:34:28'),
(39, 23, 'Nota de seguimiento cliente 23', '2025-11-09 22:34:28'),
(40, 24, 'Nota de seguimiento cliente 24', '2025-11-09 22:34:28'),
(41, 25, 'Nota de seguimiento cliente 25', '2025-11-09 22:34:28'),
(42, 26, 'Nota de seguimiento cliente 26', '2025-11-09 22:34:28'),
(43, 27, 'Nota de seguimiento cliente 27', '2025-11-09 22:34:28'),
(44, 28, 'Nota de seguimiento cliente 28', '2025-11-09 22:34:28'),
(45, 29, 'Nota de seguimiento cliente 29', '2025-11-09 22:34:28'),
(46, 30, 'Nota de seguimiento cliente 30', '2025-11-09 22:34:28'),
(47, 31, 'Nota de seguimiento cliente 31', '2025-11-09 22:34:28'),
(48, 32, 'Nota de seguimiento cliente 32', '2025-11-09 22:34:28'),
(49, 33, 'Nota de seguimiento cliente 33', '2025-11-09 22:34:28'),
(50, 34, 'Nota de seguimiento cliente 34', '2025-11-09 22:34:28'),
(51, 35, 'Nota de seguimiento cliente 35', '2025-11-09 22:34:28'),
(52, 36, 'Nota de seguimiento cliente 36', '2025-11-09 22:34:28'),
(53, 37, 'Nota de seguimiento cliente 37', '2025-11-09 22:34:28'),
(54, 38, 'Nota de seguimiento cliente 38', '2025-11-09 22:34:28'),
(55, 39, 'Nota de seguimiento cliente 39', '2025-11-09 22:34:28'),
(56, 40, 'Nota de seguimiento cliente 40', '2025-11-09 22:34:28'),
(57, 41, 'Nota de seguimiento cliente 41', '2025-11-09 22:34:28'),
(58, 42, 'Nota de seguimiento cliente 42', '2025-11-09 22:34:28'),
(59, 43, 'Nota de seguimiento cliente 43', '2025-11-09 22:34:28'),
(60, 44, 'Nota de seguimiento cliente 44', '2025-11-09 22:34:28'),
(61, 45, 'Nota de seguimiento cliente 45', '2025-11-09 22:34:28'),
(62, 46, 'Nota de seguimiento cliente 46', '2025-11-09 22:34:28'),
(63, 47, 'Nota de seguimiento cliente 47', '2025-11-09 22:34:28'),
(64, 48, 'Nota de seguimiento cliente 48', '2025-11-09 22:34:28'),
(65, 49, 'Nota de seguimiento cliente 49', '2025-11-09 22:34:28'),
(66, 50, 'Nota de seguimiento cliente 50', '2025-11-09 22:34:28'),
(67, 52, 'Nota de seguimiento cliente 52', '2025-11-09 22:34:28'),
(68, 53, 'Nota de seguimiento cliente 53', '2025-11-09 22:34:28'),
(69, 54, 'Nota de seguimiento cliente 54', '2025-11-09 22:34:28'),
(70, 55, 'Nota de seguimiento cliente 55', '2025-11-09 22:34:28'),
(71, 56, 'Nota de seguimiento cliente 56', '2025-11-09 22:34:28'),
(72, 57, 'Nota de seguimiento cliente 57', '2025-11-09 22:34:28'),
(73, 58, 'Nota de seguimiento cliente 58', '2025-11-09 22:34:28'),
(74, 59, 'Nota de seguimiento cliente 59', '2025-11-09 22:34:28'),
(75, 60, 'Nota de seguimiento cliente 60', '2025-11-09 22:34:28'),
(76, 61, 'Nota de seguimiento cliente 61', '2025-11-09 22:34:28'),
(77, 62, 'Nota de seguimiento cliente 62', '2025-11-09 22:34:28'),
(78, 63, 'Nota de seguimiento cliente 63', '2025-11-09 22:34:28'),
(79, 64, 'Nota de seguimiento cliente 64', '2025-11-09 22:34:28'),
(80, 65, 'Nota de seguimiento cliente 65', '2025-11-09 22:34:28'),
(81, 66, 'Nota de seguimiento cliente 66', '2025-11-09 22:34:28'),
(82, 67, 'Nota de seguimiento cliente 67', '2025-11-09 22:34:28'),
(83, 68, 'Nota de seguimiento cliente 68', '2025-11-09 22:34:28'),
(84, 69, 'Nota de seguimiento cliente 69', '2025-11-09 22:34:28'),
(85, 70, 'Nota de seguimiento cliente 70', '2025-11-09 22:34:28'),
(86, 71, 'Nota de seguimiento cliente 71', '2025-11-09 22:34:28'),
(87, 72, 'Nota de seguimiento cliente 72', '2025-11-09 22:34:28'),
(88, 73, 'Nota de seguimiento cliente 73', '2025-11-09 22:34:28'),
(89, 74, 'Nota de seguimiento cliente 74', '2025-11-09 22:34:28'),
(90, 75, 'Nota de seguimiento cliente 75', '2025-11-09 22:34:28'),
(91, 76, 'Nota de seguimiento cliente 76', '2025-11-09 22:34:28'),
(92, 77, 'Nota de seguimiento cliente 77', '2025-11-09 22:34:28'),
(93, 78, 'Nota de seguimiento cliente 78', '2025-11-09 22:34:28'),
(94, 79, 'Nota de seguimiento cliente 79', '2025-11-09 22:34:28'),
(95, 80, 'Nota de seguimiento cliente 80', '2025-11-09 22:34:28'),
(96, 81, 'Nota de seguimiento cliente 81', '2025-11-09 22:34:28'),
(97, 82, 'Nota de seguimiento cliente 82', '2025-11-09 22:34:28'),
(98, 83, 'Nota de seguimiento cliente 83', '2025-11-09 22:34:28'),
(99, 84, 'Nota de seguimiento cliente 84', '2025-11-09 22:34:28'),
(100, 85, 'Nota de seguimiento cliente 85', '2025-11-09 22:34:28'),
(101, 86, 'Nota de seguimiento cliente 86', '2025-11-09 22:34:28'),
(102, 87, 'Nota de seguimiento cliente 87', '2025-11-09 22:34:28'),
(103, 88, 'Nota de seguimiento cliente 88', '2025-11-09 22:34:28'),
(104, 89, 'Nota de seguimiento cliente 89', '2025-11-09 22:34:28'),
(105, 90, 'Nota de seguimiento cliente 90', '2025-11-09 22:34:28'),
(106, 91, 'Nota de seguimiento cliente 91', '2025-11-09 22:34:28'),
(107, 92, 'Nota de seguimiento cliente 92', '2025-11-09 22:34:28'),
(108, 93, 'Nota de seguimiento cliente 93', '2025-11-09 22:34:28'),
(109, 94, 'Nota de seguimiento cliente 94', '2025-11-09 22:34:28'),
(110, 95, 'Nota de seguimiento cliente 95', '2025-11-09 22:34:28'),
(111, 96, 'Nota de seguimiento cliente 96', '2025-11-09 22:34:28'),
(112, 97, 'Nota de seguimiento cliente 97', '2025-11-09 22:34:28'),
(113, 98, 'Nota de seguimiento cliente 98', '2025-11-09 22:34:28'),
(114, 99, 'Nota de seguimiento cliente 99', '2025-11-09 22:34:28'),
(115, 100, 'Nota de seguimiento cliente 100', '2025-11-09 22:34:28'),
(116, 102, 'Nota de seguimiento cliente 102', '2025-11-09 22:34:28'),
(117, 103, 'Nota de seguimiento cliente 103', '2025-11-09 22:34:28'),
(118, 104, 'Nota de seguimiento cliente 104', '2025-11-09 22:34:28'),
(119, 105, 'Nota de seguimiento cliente 105', '2025-11-09 22:34:28'),
(120, 106, 'Nota de seguimiento cliente 106', '2025-11-09 22:34:28'),
(121, 107, 'Nota de seguimiento cliente 107', '2025-11-09 22:34:28'),
(122, 108, 'Nota de seguimiento cliente 108', '2025-11-09 22:34:28'),
(123, 109, 'Nota de seguimiento cliente 109', '2025-11-09 22:34:28'),
(124, 110, 'Nota de seguimiento cliente 110', '2025-11-09 22:34:28'),
(125, 111, 'Nota de seguimiento cliente 111', '2025-11-09 22:34:28'),
(126, 112, 'Nota de seguimiento cliente 112', '2025-11-09 22:34:28'),
(127, 113, 'Nota de seguimiento cliente 113', '2025-11-09 22:34:28'),
(128, 114, 'Nota de seguimiento cliente 114', '2025-11-09 22:34:28'),
(129, 115, 'Nota de seguimiento cliente 115', '2025-11-09 22:34:28'),
(130, 116, 'Nota de seguimiento cliente 116', '2025-11-09 22:34:28'),
(131, 117, 'Nota de seguimiento cliente 117', '2025-11-09 22:34:28'),
(132, 118, 'Nota de seguimiento cliente 118', '2025-11-09 22:34:28'),
(133, 119, 'Nota de seguimiento cliente 119', '2025-11-09 22:34:28'),
(134, 120, 'Nota de seguimiento cliente 120', '2025-11-09 22:34:28'),
(135, 121, 'Nota de seguimiento cliente 121', '2025-11-09 22:34:28'),
(136, 122, 'Nota de seguimiento cliente 122', '2025-11-09 22:34:28'),
(137, 123, 'Nota de seguimiento cliente 123', '2025-11-09 22:34:28'),
(138, 124, 'Nota de seguimiento cliente 124', '2025-11-09 22:34:28'),
(139, 125, 'Nota de seguimiento cliente 125', '2025-11-09 22:34:28'),
(140, 126, 'Nota de seguimiento cliente 126', '2025-11-09 22:34:28'),
(141, 127, 'Nota de seguimiento cliente 127', '2025-11-09 22:34:28'),
(142, 128, 'Nota de seguimiento cliente 128', '2025-11-09 22:34:28'),
(143, 129, 'Nota de seguimiento cliente 129', '2025-11-09 22:34:28'),
(144, 130, 'Nota de seguimiento cliente 130', '2025-11-09 22:34:28'),
(145, 131, 'Nota de seguimiento cliente 131', '2025-11-09 22:34:28'),
(146, 132, 'Nota de seguimiento cliente 132', '2025-11-09 22:34:28'),
(147, 133, 'Nota de seguimiento cliente 133', '2025-11-09 22:34:28'),
(148, 134, 'Nota de seguimiento cliente 134', '2025-11-09 22:34:28'),
(149, 135, 'Nota de seguimiento cliente 135', '2025-11-09 22:34:28'),
(150, 136, 'Nota de seguimiento cliente 136', '2025-11-09 22:34:28'),
(151, 137, 'Nota de seguimiento cliente 137', '2025-11-09 22:34:28'),
(152, 138, 'Nota de seguimiento cliente 138', '2025-11-09 22:34:28'),
(153, 139, 'Nota de seguimiento cliente 139', '2025-11-09 22:34:28'),
(154, 140, 'Nota de seguimiento cliente 140', '2025-11-09 22:34:28'),
(155, 141, 'Nota de seguimiento cliente 141', '2025-11-09 22:34:28'),
(156, 142, 'Nota de seguimiento cliente 142', '2025-11-09 22:34:28'),
(157, 143, 'Nota de seguimiento cliente 143', '2025-11-09 22:34:28'),
(158, 144, 'Nota de seguimiento cliente 144', '2025-11-09 22:34:28'),
(159, 145, 'Nota de seguimiento cliente 145', '2025-11-09 22:34:28'),
(160, 146, 'Nota de seguimiento cliente 146', '2025-11-09 22:34:28'),
(161, 147, 'Nota de seguimiento cliente 147', '2025-11-09 22:34:28'),
(162, 148, 'Nota de seguimiento cliente 148', '2025-11-09 22:34:28'),
(163, 149, 'Nota de seguimiento cliente 149', '2025-11-09 22:34:28'),
(164, 150, 'Nota de seguimiento cliente 150', '2025-11-09 22:34:28'),
(165, 151, 'Nota de seguimiento cliente 151', '2025-11-09 22:34:28'),
(166, 152, 'Nota de seguimiento cliente 152', '2025-11-09 22:34:28'),
(167, 153, 'Nota de seguimiento cliente 153', '2025-11-09 22:34:28'),
(168, 154, 'Nota de seguimiento cliente 154', '2025-11-09 22:34:28'),
(169, 155, 'Nota de seguimiento cliente 155', '2025-11-09 22:34:28'),
(170, 156, 'Nota de seguimiento cliente 156', '2025-11-09 22:34:28'),
(171, 157, 'Nota de seguimiento cliente 157', '2025-11-09 22:34:28'),
(172, 158, 'Nota de seguimiento cliente 158', '2025-11-09 22:34:28'),
(173, 159, 'Nota de seguimiento cliente 159', '2025-11-09 22:34:28'),
(174, 160, 'Nota de seguimiento cliente 160', '2025-11-09 22:34:28'),
(175, 161, 'Nota de seguimiento cliente 161', '2025-11-09 22:34:28'),
(176, 162, 'Nota de seguimiento cliente 162', '2025-11-09 22:34:28'),
(177, 163, 'Nota de seguimiento cliente 163', '2025-11-09 22:34:28'),
(178, 164, 'Nota de seguimiento cliente 164', '2025-11-09 22:34:28'),
(179, 165, 'Nota de seguimiento cliente 165', '2025-11-09 22:34:28'),
(180, 166, 'Nota de seguimiento cliente 166', '2025-11-09 22:34:28'),
(181, 167, 'Nota de seguimiento cliente 167', '2025-11-09 22:34:28'),
(182, 168, 'Nota de seguimiento cliente 168', '2025-11-09 22:34:28'),
(183, 169, 'Nota de seguimiento cliente 169', '2025-11-09 22:34:28'),
(184, 170, 'Nota de seguimiento cliente 170', '2025-11-09 22:34:28'),
(185, 171, 'Nota de seguimiento cliente 171', '2025-11-09 22:34:28'),
(186, 172, 'Nota de seguimiento cliente 172', '2025-11-09 22:34:28'),
(187, 173, 'Nota de seguimiento cliente 173', '2025-11-09 22:34:28'),
(188, 174, 'Nota de seguimiento cliente 174', '2025-11-09 22:34:28'),
(189, 175, 'Nota de seguimiento cliente 175', '2025-11-09 22:34:28'),
(190, 176, 'Nota de seguimiento cliente 176', '2025-11-09 22:34:28'),
(191, 177, 'Nota de seguimiento cliente 177', '2025-11-09 22:34:28'),
(192, 178, 'Nota de seguimiento cliente 178', '2025-11-09 22:34:28'),
(193, 179, 'Nota de seguimiento cliente 179', '2025-11-09 22:34:28'),
(194, 180, 'Nota de seguimiento cliente 180', '2025-11-09 22:34:28'),
(195, 181, 'Nota de seguimiento cliente 181', '2025-11-09 22:34:28'),
(196, 182, 'Nota de seguimiento cliente 182', '2025-11-09 22:34:28'),
(197, 183, 'Nota de seguimiento cliente 183', '2025-11-09 22:34:28'),
(198, 184, 'Nota de seguimiento cliente 184', '2025-11-09 22:34:28'),
(199, 185, 'Nota de seguimiento cliente 185', '2025-11-09 22:34:28'),
(200, 186, 'Nota de seguimiento cliente 186', '2025-11-09 22:34:28'),
(201, 187, 'Nota de seguimiento cliente 187', '2025-11-09 22:34:28'),
(202, 188, 'Nota de seguimiento cliente 188', '2025-11-09 22:34:28'),
(203, 189, 'Nota de seguimiento cliente 189', '2025-11-09 22:34:28'),
(204, 190, 'Nota de seguimiento cliente 190', '2025-11-09 22:34:28'),
(205, 191, 'Nota de seguimiento cliente 191', '2025-11-09 22:34:28'),
(206, 192, 'Nota de seguimiento cliente 192', '2025-11-09 22:34:28'),
(207, 193, 'Nota de seguimiento cliente 193', '2025-11-09 22:34:28'),
(208, 194, 'Nota de seguimiento cliente 194', '2025-11-09 22:34:28'),
(209, 195, 'Nota de seguimiento cliente 195', '2025-11-09 22:34:28'),
(210, 196, 'Nota de seguimiento cliente 196', '2025-11-09 22:34:28'),
(211, 197, 'Nota de seguimiento cliente 197', '2025-11-09 22:34:28'),
(212, 198, 'Nota de seguimiento cliente 198', '2025-11-09 22:34:28'),
(213, 199, 'Nota de seguimiento cliente 199', '2025-11-09 22:34:28'),
(214, 200, 'Nota de seguimiento cliente 200', '2025-11-09 22:34:28'),
(215, 201, 'Nota de seguimiento cliente 201', '2025-11-09 22:34:28'),
(216, 202, 'Nota de seguimiento cliente 202', '2025-11-09 22:34:28'),
(217, 203, 'Nota de seguimiento cliente 203', '2025-11-09 22:34:28'),
(218, 204, 'Nota de seguimiento cliente 204', '2025-11-09 22:34:28'),
(219, 205, 'Nota de seguimiento cliente 205', '2025-11-09 22:34:28'),
(220, 206, 'Nota de seguimiento cliente 206', '2025-11-09 22:34:28'),
(221, 207, 'Nota de seguimiento cliente 207', '2025-11-09 22:34:28'),
(222, 208, 'Nota de seguimiento cliente 208', '2025-11-09 22:34:28'),
(223, 209, 'Nota de seguimiento cliente 209', '2025-11-09 22:34:28'),
(224, 210, 'Nota de seguimiento cliente 210', '2025-11-09 22:34:28'),
(225, 211, 'Nota de seguimiento cliente 211', '2025-11-09 22:34:28'),
(226, 212, 'Nota de seguimiento cliente 212', '2025-11-09 22:34:28'),
(227, 213, 'Nota de seguimiento cliente 213', '2025-11-09 22:34:28'),
(228, 214, 'Nota de seguimiento cliente 214', '2025-11-09 22:34:28'),
(229, 215, 'Nota de seguimiento cliente 215', '2025-11-09 22:34:28'),
(230, 216, 'Nota de seguimiento cliente 216', '2025-11-09 22:34:28'),
(231, 217, 'Nota de seguimiento cliente 217', '2025-11-09 22:34:28'),
(232, 218, 'Nota de seguimiento cliente 218', '2025-11-09 22:34:28'),
(233, 219, 'Nota de seguimiento cliente 219', '2025-11-09 22:34:28'),
(234, 220, 'Nota de seguimiento cliente 220', '2025-11-09 22:34:28'),
(235, 221, 'Nota de seguimiento cliente 221', '2025-11-09 22:34:28'),
(236, 222, 'Nota de seguimiento cliente 222', '2025-11-09 22:34:28'),
(237, 223, 'Nota de seguimiento cliente 223', '2025-11-09 22:34:28'),
(238, 224, 'Nota de seguimiento cliente 224', '2025-11-09 22:34:28'),
(239, 225, 'Nota de seguimiento cliente 225', '2025-11-09 22:34:28'),
(240, 226, 'Nota de seguimiento cliente 226', '2025-11-09 22:34:28'),
(241, 227, 'Nota de seguimiento cliente 227', '2025-11-09 22:34:28'),
(242, 228, 'Nota de seguimiento cliente 228', '2025-11-09 22:34:28'),
(243, 229, 'Nota de seguimiento cliente 229', '2025-11-09 22:34:28'),
(244, 230, 'Nota de seguimiento cliente 230', '2025-11-09 22:34:28'),
(245, 231, 'Nota de seguimiento cliente 231', '2025-11-09 22:34:28'),
(246, 232, 'Nota de seguimiento cliente 232', '2025-11-09 22:34:28'),
(247, 233, 'Nota de seguimiento cliente 233', '2025-11-09 22:34:28'),
(248, 234, 'Nota de seguimiento cliente 234', '2025-11-09 22:34:28'),
(249, 235, 'Nota de seguimiento cliente 235', '2025-11-09 22:34:28'),
(250, 236, 'Nota de seguimiento cliente 236', '2025-11-09 22:34:28'),
(251, 237, 'Nota de seguimiento cliente 237', '2025-11-09 22:34:28'),
(252, 238, 'Nota de seguimiento cliente 238', '2025-11-09 22:34:28'),
(253, 239, 'Nota de seguimiento cliente 239', '2025-11-09 22:34:28'),
(254, 240, 'Nota de seguimiento cliente 240', '2025-11-09 22:34:28'),
(255, 241, 'Nota de seguimiento cliente 241', '2025-11-09 22:34:28'),
(256, 242, 'Nota de seguimiento cliente 242', '2025-11-09 22:34:28'),
(257, 243, 'Nota de seguimiento cliente 243', '2025-11-09 22:34:28'),
(258, 244, 'Nota de seguimiento cliente 244', '2025-11-09 22:34:28'),
(259, 245, 'Nota de seguimiento cliente 245', '2025-11-09 22:34:28'),
(260, 246, 'Nota de seguimiento cliente 246', '2025-11-09 22:34:28'),
(261, 247, 'Nota de seguimiento cliente 247', '2025-11-09 22:34:28'),
(262, 248, 'Nota de seguimiento cliente 248', '2025-11-09 22:34:28'),
(263, 249, 'Nota de seguimiento cliente 249', '2025-11-09 22:34:28'),
(264, 250, 'Nota de seguimiento cliente 250', '2025-11-09 22:34:28'),
(292, 1, 'Nota de seguimiento para cliente 1', '2025-11-09 22:35:56'),
(293, 2, 'Nota de seguimiento para cliente 2', '2025-11-09 22:35:56'),
(294, 3, 'Nota de seguimiento para cliente 3', '2025-11-09 22:35:56'),
(295, 4, 'Nota de seguimiento para cliente 4', '2025-11-09 22:35:56'),
(296, 5, 'Nota de seguimiento para cliente 5', '2025-11-09 22:35:56'),
(297, 6, 'Nota de seguimiento para cliente 6', '2025-11-09 22:35:56'),
(298, 7, 'Nota de seguimiento para cliente 7', '2025-11-09 22:35:56'),
(299, 8, 'Nota de seguimiento para cliente 8', '2025-11-09 22:35:56'),
(300, 9, 'Nota de seguimiento para cliente 9', '2025-11-09 22:35:56'),
(301, 10, 'Nota de seguimiento para cliente 10', '2025-11-09 22:35:56'),
(302, 11, 'Nota de seguimiento para cliente 11', '2025-11-09 22:35:56'),
(303, 12, 'Nota de seguimiento para cliente 12', '2025-11-09 22:35:56'),
(304, 13, 'Nota de seguimiento para cliente 13', '2025-11-09 22:35:56'),
(305, 14, 'Nota de seguimiento para cliente 14', '2025-11-09 22:35:56'),
(306, 15, 'Nota de seguimiento para cliente 15', '2025-11-09 22:35:56'),
(307, 16, 'Nota de seguimiento para cliente 16', '2025-11-09 22:35:56'),
(308, 17, 'Nota de seguimiento para cliente 17', '2025-11-09 22:35:56'),
(309, 18, 'Nota de seguimiento para cliente 18', '2025-11-09 22:35:56'),
(310, 19, 'Nota de seguimiento para cliente 19', '2025-11-09 22:35:56'),
(311, 20, 'Nota de seguimiento para cliente 20', '2025-11-09 22:35:56'),
(312, 21, 'Nota de seguimiento para cliente 21', '2025-11-09 22:35:56'),
(313, 22, 'Nota de seguimiento para cliente 22', '2025-11-09 22:35:56'),
(314, 23, 'Nota de seguimiento para cliente 23', '2025-11-09 22:35:56'),
(315, 24, 'Nota de seguimiento para cliente 24', '2025-11-09 22:35:56'),
(316, 25, 'Nota de seguimiento para cliente 25', '2025-11-09 22:35:56'),
(317, 26, 'Nota de seguimiento para cliente 26', '2025-11-09 22:35:56'),
(318, 27, 'Nota de seguimiento para cliente 27', '2025-11-09 22:35:56'),
(319, 28, 'Nota de seguimiento para cliente 28', '2025-11-09 22:35:56'),
(320, 29, 'Nota de seguimiento para cliente 29', '2025-11-09 22:35:56'),
(321, 30, 'Nota de seguimiento para cliente 30', '2025-11-09 22:35:56'),
(322, 31, 'Nota de seguimiento para cliente 31', '2025-11-09 22:35:56'),
(323, 32, 'Nota de seguimiento para cliente 32', '2025-11-09 22:35:56'),
(324, 33, 'Nota de seguimiento para cliente 33', '2025-11-09 22:35:56'),
(325, 34, 'Nota de seguimiento para cliente 34', '2025-11-09 22:35:56'),
(326, 35, 'Nota de seguimiento para cliente 35', '2025-11-09 22:35:56'),
(327, 36, 'Nota de seguimiento para cliente 36', '2025-11-09 22:35:56'),
(328, 37, 'Nota de seguimiento para cliente 37', '2025-11-09 22:35:56'),
(329, 38, 'Nota de seguimiento para cliente 38', '2025-11-09 22:35:56'),
(330, 39, 'Nota de seguimiento para cliente 39', '2025-11-09 22:35:56'),
(331, 40, 'Nota de seguimiento para cliente 40', '2025-11-09 22:35:56'),
(332, 41, 'Nota de seguimiento para cliente 41', '2025-11-09 22:35:56'),
(333, 42, 'Nota de seguimiento para cliente 42', '2025-11-09 22:35:56'),
(334, 43, 'Nota de seguimiento para cliente 43', '2025-11-09 22:35:56'),
(335, 44, 'Nota de seguimiento para cliente 44', '2025-11-09 22:35:56'),
(336, 45, 'Nota de seguimiento para cliente 45', '2025-11-09 22:35:56'),
(337, 46, 'Nota de seguimiento para cliente 46', '2025-11-09 22:35:56'),
(338, 47, 'Nota de seguimiento para cliente 47', '2025-11-09 22:35:56'),
(339, 48, 'Nota de seguimiento para cliente 48', '2025-11-09 22:35:56'),
(340, 49, 'Nota de seguimiento para cliente 49', '2025-11-09 22:35:56'),
(341, 50, 'Nota de seguimiento para cliente 50', '2025-11-09 22:35:56'),
(342, 51, 'Nota de seguimiento para cliente 51', '2025-11-09 22:35:56'),
(343, 52, 'Nota de seguimiento para cliente 52', '2025-11-09 22:35:56'),
(344, 53, 'Nota de seguimiento para cliente 53', '2025-11-09 22:35:56'),
(345, 54, 'Nota de seguimiento para cliente 54', '2025-11-09 22:35:56'),
(346, 55, 'Nota de seguimiento para cliente 55', '2025-11-09 22:35:56'),
(347, 56, 'Nota de seguimiento para cliente 56', '2025-11-09 22:35:56'),
(348, 57, 'Nota de seguimiento para cliente 57', '2025-11-09 22:35:56'),
(349, 58, 'Nota de seguimiento para cliente 58', '2025-11-09 22:35:56'),
(350, 59, 'Nota de seguimiento para cliente 59', '2025-11-09 22:35:56'),
(351, 60, 'Nota de seguimiento para cliente 60', '2025-11-09 22:35:56'),
(352, 61, 'Nota de seguimiento para cliente 61', '2025-11-09 22:35:56'),
(353, 62, 'Nota de seguimiento para cliente 62', '2025-11-09 22:35:56'),
(354, 63, 'Nota de seguimiento para cliente 63', '2025-11-09 22:35:56'),
(355, 64, 'Nota de seguimiento para cliente 64', '2025-11-09 22:35:56'),
(356, 65, 'Nota de seguimiento para cliente 65', '2025-11-09 22:35:56'),
(357, 66, 'Nota de seguimiento para cliente 66', '2025-11-09 22:35:56'),
(358, 67, 'Nota de seguimiento para cliente 67', '2025-11-09 22:35:56'),
(359, 68, 'Nota de seguimiento para cliente 68', '2025-11-09 22:35:56'),
(360, 69, 'Nota de seguimiento para cliente 69', '2025-11-09 22:35:56'),
(361, 70, 'Nota de seguimiento para cliente 70', '2025-11-09 22:35:56'),
(362, 71, 'Nota de seguimiento para cliente 71', '2025-11-09 22:35:56'),
(363, 72, 'Nota de seguimiento para cliente 72', '2025-11-09 22:35:56'),
(364, 73, 'Nota de seguimiento para cliente 73', '2025-11-09 22:35:56'),
(365, 74, 'Nota de seguimiento para cliente 74', '2025-11-09 22:35:56'),
(366, 75, 'Nota de seguimiento para cliente 75', '2025-11-09 22:35:56'),
(367, 76, 'Nota de seguimiento para cliente 76', '2025-11-09 22:35:56'),
(368, 77, 'Nota de seguimiento para cliente 77', '2025-11-09 22:35:56'),
(369, 78, 'Nota de seguimiento para cliente 78', '2025-11-09 22:35:56'),
(370, 79, 'Nota de seguimiento para cliente 79', '2025-11-09 22:35:56'),
(371, 80, 'Nota de seguimiento para cliente 80', '2025-11-09 22:35:56'),
(372, 81, 'Nota de seguimiento para cliente 81', '2025-11-09 22:35:56'),
(373, 82, 'Nota de seguimiento para cliente 82', '2025-11-09 22:35:56'),
(374, 83, 'Nota de seguimiento para cliente 83', '2025-11-09 22:35:56'),
(375, 84, 'Nota de seguimiento para cliente 84', '2025-11-09 22:35:56'),
(376, 85, 'Nota de seguimiento para cliente 85', '2025-11-09 22:35:56'),
(377, 86, 'Nota de seguimiento para cliente 86', '2025-11-09 22:35:56'),
(378, 87, 'Nota de seguimiento para cliente 87', '2025-11-09 22:35:56'),
(379, 88, 'Nota de seguimiento para cliente 88', '2025-11-09 22:35:56'),
(380, 89, 'Nota de seguimiento para cliente 89', '2025-11-09 22:35:56'),
(381, 90, 'Nota de seguimiento para cliente 90', '2025-11-09 22:35:56'),
(382, 91, 'Nota de seguimiento para cliente 91', '2025-11-09 22:35:56'),
(383, 92, 'Nota de seguimiento para cliente 92', '2025-11-09 22:35:56'),
(384, 93, 'Nota de seguimiento para cliente 93', '2025-11-09 22:35:56'),
(385, 94, 'Nota de seguimiento para cliente 94', '2025-11-09 22:35:56'),
(386, 95, 'Nota de seguimiento para cliente 95', '2025-11-09 22:35:56'),
(387, 96, 'Nota de seguimiento para cliente 96', '2025-11-09 22:35:56'),
(388, 97, 'Nota de seguimiento para cliente 97', '2025-11-09 22:35:56'),
(389, 98, 'Nota de seguimiento para cliente 98', '2025-11-09 22:35:56'),
(390, 99, 'Nota de seguimiento para cliente 99', '2025-11-09 22:35:56'),
(391, 100, 'Nota de seguimiento para cliente 100', '2025-11-09 22:35:56'),
(392, 101, 'Nota de seguimiento para cliente 101', '2025-11-09 22:35:56'),
(393, 102, 'Nota de seguimiento para cliente 102', '2025-11-09 22:35:56'),
(394, 103, 'Nota de seguimiento para cliente 103', '2025-11-09 22:35:56'),
(395, 104, 'Nota de seguimiento para cliente 104', '2025-11-09 22:35:56'),
(396, 105, 'Nota de seguimiento para cliente 105', '2025-11-09 22:35:56'),
(397, 106, 'Nota de seguimiento para cliente 106', '2025-11-09 22:35:56'),
(398, 107, 'Nota de seguimiento para cliente 107', '2025-11-09 22:35:56'),
(399, 108, 'Nota de seguimiento para cliente 108', '2025-11-09 22:35:56'),
(400, 109, 'Nota de seguimiento para cliente 109', '2025-11-09 22:35:56'),
(401, 110, 'Nota de seguimiento para cliente 110', '2025-11-09 22:35:56'),
(402, 111, 'Nota de seguimiento para cliente 111', '2025-11-09 22:35:56'),
(403, 112, 'Nota de seguimiento para cliente 112', '2025-11-09 22:35:56'),
(404, 113, 'Nota de seguimiento para cliente 113', '2025-11-09 22:35:56'),
(405, 114, 'Nota de seguimiento para cliente 114', '2025-11-09 22:35:56'),
(406, 115, 'Nota de seguimiento para cliente 115', '2025-11-09 22:35:56'),
(407, 116, 'Nota de seguimiento para cliente 116', '2025-11-09 22:35:56'),
(408, 117, 'Nota de seguimiento para cliente 117', '2025-11-09 22:35:56'),
(409, 118, 'Nota de seguimiento para cliente 118', '2025-11-09 22:35:56'),
(410, 119, 'Nota de seguimiento para cliente 119', '2025-11-09 22:35:56'),
(411, 120, 'Nota de seguimiento para cliente 120', '2025-11-09 22:35:56'),
(412, 121, 'Nota de seguimiento para cliente 121', '2025-11-09 22:35:56'),
(413, 122, 'Nota de seguimiento para cliente 122', '2025-11-09 22:35:56'),
(414, 123, 'Nota de seguimiento para cliente 123', '2025-11-09 22:35:56'),
(415, 124, 'Nota de seguimiento para cliente 124', '2025-11-09 22:35:56'),
(416, 125, 'Nota de seguimiento para cliente 125', '2025-11-09 22:35:56'),
(417, 126, 'Nota de seguimiento para cliente 126', '2025-11-09 22:35:56'),
(418, 127, 'Nota de seguimiento para cliente 127', '2025-11-09 22:35:56'),
(419, 128, 'Nota de seguimiento para cliente 128', '2025-11-09 22:35:56'),
(420, 129, 'Nota de seguimiento para cliente 129', '2025-11-09 22:35:56'),
(421, 130, 'Nota de seguimiento para cliente 130', '2025-11-09 22:35:56'),
(422, 131, 'Nota de seguimiento para cliente 131', '2025-11-09 22:35:56'),
(423, 132, 'Nota de seguimiento para cliente 132', '2025-11-09 22:35:56'),
(424, 133, 'Nota de seguimiento para cliente 133', '2025-11-09 22:35:56'),
(425, 134, 'Nota de seguimiento para cliente 134', '2025-11-09 22:35:56'),
(426, 135, 'Nota de seguimiento para cliente 135', '2025-11-09 22:35:56'),
(427, 136, 'Nota de seguimiento para cliente 136', '2025-11-09 22:35:56'),
(428, 137, 'Nota de seguimiento para cliente 137', '2025-11-09 22:35:56'),
(429, 138, 'Nota de seguimiento para cliente 138', '2025-11-09 22:35:56'),
(430, 139, 'Nota de seguimiento para cliente 139', '2025-11-09 22:35:56'),
(431, 140, 'Nota de seguimiento para cliente 140', '2025-11-09 22:35:56'),
(432, 141, 'Nota de seguimiento para cliente 141', '2025-11-09 22:35:56'),
(433, 142, 'Nota de seguimiento para cliente 142', '2025-11-09 22:35:56'),
(434, 143, 'Nota de seguimiento para cliente 143', '2025-11-09 22:35:56'),
(435, 144, 'Nota de seguimiento para cliente 144', '2025-11-09 22:35:56'),
(436, 145, 'Nota de seguimiento para cliente 145', '2025-11-09 22:35:56'),
(437, 146, 'Nota de seguimiento para cliente 146', '2025-11-09 22:35:56'),
(438, 147, 'Nota de seguimiento para cliente 147', '2025-11-09 22:35:56'),
(439, 148, 'Nota de seguimiento para cliente 148', '2025-11-09 22:35:56'),
(440, 149, 'Nota de seguimiento para cliente 149', '2025-11-09 22:35:56'),
(441, 150, 'Nota de seguimiento para cliente 150', '2025-11-09 22:35:56'),
(442, 151, 'Nota de seguimiento para cliente 151', '2025-11-09 22:35:56'),
(443, 152, 'Nota de seguimiento para cliente 152', '2025-11-09 22:35:56'),
(444, 153, 'Nota de seguimiento para cliente 153', '2025-11-09 22:35:56'),
(445, 154, 'Nota de seguimiento para cliente 154', '2025-11-09 22:35:56'),
(446, 155, 'Nota de seguimiento para cliente 155', '2025-11-09 22:35:56'),
(447, 156, 'Nota de seguimiento para cliente 156', '2025-11-09 22:35:56'),
(448, 157, 'Nota de seguimiento para cliente 157', '2025-11-09 22:35:56'),
(449, 158, 'Nota de seguimiento para cliente 158', '2025-11-09 22:35:56'),
(450, 159, 'Nota de seguimiento para cliente 159', '2025-11-09 22:35:56'),
(451, 160, 'Nota de seguimiento para cliente 160', '2025-11-09 22:35:56'),
(452, 161, 'Nota de seguimiento para cliente 161', '2025-11-09 22:35:56'),
(453, 162, 'Nota de seguimiento para cliente 162', '2025-11-09 22:35:56'),
(454, 163, 'Nota de seguimiento para cliente 163', '2025-11-09 22:35:56'),
(455, 164, 'Nota de seguimiento para cliente 164', '2025-11-09 22:35:56'),
(456, 165, 'Nota de seguimiento para cliente 165', '2025-11-09 22:35:56'),
(457, 166, 'Nota de seguimiento para cliente 166', '2025-11-09 22:35:56'),
(458, 167, 'Nota de seguimiento para cliente 167', '2025-11-09 22:35:56'),
(459, 168, 'Nota de seguimiento para cliente 168', '2025-11-09 22:35:56'),
(460, 169, 'Nota de seguimiento para cliente 169', '2025-11-09 22:35:56'),
(461, 170, 'Nota de seguimiento para cliente 170', '2025-11-09 22:35:56'),
(462, 171, 'Nota de seguimiento para cliente 171', '2025-11-09 22:35:56'),
(463, 172, 'Nota de seguimiento para cliente 172', '2025-11-09 22:35:56'),
(464, 173, 'Nota de seguimiento para cliente 173', '2025-11-09 22:35:56'),
(465, 174, 'Nota de seguimiento para cliente 174', '2025-11-09 22:35:56'),
(466, 175, 'Nota de seguimiento para cliente 175', '2025-11-09 22:35:56'),
(467, 176, 'Nota de seguimiento para cliente 176', '2025-11-09 22:35:56'),
(468, 177, 'Nota de seguimiento para cliente 177', '2025-11-09 22:35:56'),
(469, 178, 'Nota de seguimiento para cliente 178', '2025-11-09 22:35:56'),
(470, 179, 'Nota de seguimiento para cliente 179', '2025-11-09 22:35:56'),
(471, 180, 'Nota de seguimiento para cliente 180', '2025-11-09 22:35:56'),
(472, 181, 'Nota de seguimiento para cliente 181', '2025-11-09 22:35:56'),
(473, 182, 'Nota de seguimiento para cliente 182', '2025-11-09 22:35:56'),
(474, 183, 'Nota de seguimiento para cliente 183', '2025-11-09 22:35:56'),
(475, 184, 'Nota de seguimiento para cliente 184', '2025-11-09 22:35:56'),
(476, 185, 'Nota de seguimiento para cliente 185', '2025-11-09 22:35:56'),
(477, 186, 'Nota de seguimiento para cliente 186', '2025-11-09 22:35:56'),
(478, 187, 'Nota de seguimiento para cliente 187', '2025-11-09 22:35:56'),
(479, 188, 'Nota de seguimiento para cliente 188', '2025-11-09 22:35:56'),
(480, 189, 'Nota de seguimiento para cliente 189', '2025-11-09 22:35:56'),
(481, 190, 'Nota de seguimiento para cliente 190', '2025-11-09 22:35:56'),
(482, 191, 'Nota de seguimiento para cliente 191', '2025-11-09 22:35:56'),
(483, 192, 'Nota de seguimiento para cliente 192', '2025-11-09 22:35:56'),
(484, 193, 'Nota de seguimiento para cliente 193', '2025-11-09 22:35:56'),
(485, 194, 'Nota de seguimiento para cliente 194', '2025-11-09 22:35:56'),
(486, 195, 'Nota de seguimiento para cliente 195', '2025-11-09 22:35:56'),
(487, 196, 'Nota de seguimiento para cliente 196', '2025-11-09 22:35:56'),
(488, 197, 'Nota de seguimiento para cliente 197', '2025-11-09 22:35:56'),
(489, 198, 'Nota de seguimiento para cliente 198', '2025-11-09 22:35:56'),
(490, 199, 'Nota de seguimiento para cliente 199', '2025-11-09 22:35:56'),
(491, 200, 'Nota de seguimiento para cliente 200', '2025-11-09 22:35:56'),
(492, 201, 'Nota de seguimiento para cliente 201', '2025-11-09 22:35:56'),
(493, 202, 'Nota de seguimiento para cliente 202', '2025-11-09 22:35:56'),
(494, 203, 'Nota de seguimiento para cliente 203', '2025-11-09 22:35:56'),
(495, 204, 'Nota de seguimiento para cliente 204', '2025-11-09 22:35:56'),
(496, 205, 'Nota de seguimiento para cliente 205', '2025-11-09 22:35:56'),
(497, 206, 'Nota de seguimiento para cliente 206', '2025-11-09 22:35:56'),
(498, 207, 'Nota de seguimiento para cliente 207', '2025-11-09 22:35:56'),
(499, 208, 'Nota de seguimiento para cliente 208', '2025-11-09 22:35:56'),
(500, 209, 'Nota de seguimiento para cliente 209', '2025-11-09 22:35:56'),
(501, 210, 'Nota de seguimiento para cliente 210', '2025-11-09 22:35:56'),
(502, 211, 'Nota de seguimiento para cliente 211', '2025-11-09 22:35:56'),
(503, 212, 'Nota de seguimiento para cliente 212', '2025-11-09 22:35:56'),
(504, 213, 'Nota de seguimiento para cliente 213', '2025-11-09 22:35:56'),
(505, 214, 'Nota de seguimiento para cliente 214', '2025-11-09 22:35:56'),
(506, 215, 'Nota de seguimiento para cliente 215', '2025-11-09 22:35:56'),
(507, 216, 'Nota de seguimiento para cliente 216', '2025-11-09 22:35:56'),
(508, 217, 'Nota de seguimiento para cliente 217', '2025-11-09 22:35:56'),
(509, 218, 'Nota de seguimiento para cliente 218', '2025-11-09 22:35:56'),
(510, 219, 'Nota de seguimiento para cliente 219', '2025-11-09 22:35:56'),
(511, 220, 'Nota de seguimiento para cliente 220', '2025-11-09 22:35:56'),
(512, 221, 'Nota de seguimiento para cliente 221', '2025-11-09 22:35:56'),
(513, 222, 'Nota de seguimiento para cliente 222', '2025-11-09 22:35:56'),
(514, 223, 'Nota de seguimiento para cliente 223', '2025-11-09 22:35:56'),
(515, 224, 'Nota de seguimiento para cliente 224', '2025-11-09 22:35:56'),
(516, 225, 'Nota de seguimiento para cliente 225', '2025-11-09 22:35:56'),
(517, 226, 'Nota de seguimiento para cliente 226', '2025-11-09 22:35:56'),
(518, 227, 'Nota de seguimiento para cliente 227', '2025-11-09 22:35:56'),
(519, 228, 'Nota de seguimiento para cliente 228', '2025-11-09 22:35:56'),
(520, 229, 'Nota de seguimiento para cliente 229', '2025-11-09 22:35:56'),
(521, 230, 'Nota de seguimiento para cliente 230', '2025-11-09 22:35:56'),
(522, 231, 'Nota de seguimiento para cliente 231', '2025-11-09 22:35:56'),
(523, 232, 'Nota de seguimiento para cliente 232', '2025-11-09 22:35:56'),
(524, 233, 'Nota de seguimiento para cliente 233', '2025-11-09 22:35:56'),
(525, 234, 'Nota de seguimiento para cliente 234', '2025-11-09 22:35:56'),
(526, 235, 'Nota de seguimiento para cliente 235', '2025-11-09 22:35:56'),
(527, 236, 'Nota de seguimiento para cliente 236', '2025-11-09 22:35:56'),
(528, 237, 'Nota de seguimiento para cliente 237', '2025-11-09 22:35:56'),
(529, 238, 'Nota de seguimiento para cliente 238', '2025-11-09 22:35:56'),
(530, 239, 'Nota de seguimiento para cliente 239', '2025-11-09 22:35:56'),
(531, 240, 'Nota de seguimiento para cliente 240', '2025-11-09 22:35:56'),
(532, 241, 'Nota de seguimiento para cliente 241', '2025-11-09 22:35:56'),
(533, 242, 'Nota de seguimiento para cliente 242', '2025-11-09 22:35:56'),
(534, 243, 'Nota de seguimiento para cliente 243', '2025-11-09 22:35:56'),
(535, 244, 'Nota de seguimiento para cliente 244', '2025-11-09 22:35:56'),
(536, 245, 'Nota de seguimiento para cliente 245', '2025-11-09 22:35:56'),
(537, 246, 'Nota de seguimiento para cliente 246', '2025-11-09 22:35:56'),
(538, 247, 'Nota de seguimiento para cliente 247', '2025-11-09 22:35:56'),
(539, 248, 'Nota de seguimiento para cliente 248', '2025-11-09 22:35:56'),
(540, 249, 'Nota de seguimiento para cliente 249', '2025-11-09 22:35:56'),
(541, 250, 'Nota de seguimiento para cliente 250', '2025-11-09 22:35:56');

-- --------------------------------------------------------

--
-- Estructura de tabla para la tabla `usuarios`
--

CREATE TABLE `usuarios` (
  `id` int(11) NOT NULL,
  `nombre` varchar(100) NOT NULL,
  `contraseña` varchar(100) NOT NULL,
  `fecha_creacion` timestamp NOT NULL DEFAULT current_timestamp(),
  `rol` enum('encargado','tienda') NOT NULL DEFAULT 'tienda',
  `foto` varchar(255) DEFAULT NULL
) ENGINE=InnoDB DEFAULT CHARSET=utf8mb4 COLLATE=utf8mb4_spanish_ci;

--
-- Volcado de datos para la tabla `usuarios`
--

INSERT INTO `usuarios` (`id`, `nombre`, `contraseña`, `fecha_creacion`, `rol`, `foto`) VALUES
(1, 'Phone House Admin', '$2y$10$KmLMmvJZYT7IeWKVjHcdJeb1bn7AKd017zqKQm1GfHaLWcYKE7ZZq', '2025-10-26 19:21:32', 'encargado', 'images/profiles/admin_1.png'),
(2, 'Usuario 2', '$2y$10$oGxa8XJLfAq/Q/JXgJwkUeG1H/RHsEYx2bUpzmoKtXFOk2/72Qv1a', '2025-11-09 22:51:02', 'tienda', 'images/profiles/user_1762728662.png'),
(6, 'Usuario 6', '$2y$10$o/qaooNMWjvljxR7LGVzZuj45AePLm38TfT5FMVgyDEXsuQKNcaR6', '2025-11-07 17:22:12', 'encargado', 'images/profiles/user_1762536132.jpeg'),
(8778, 'Phone House Quart', '$2y$10$a1j0U9KWWNjlI7NTe2d43eezGzgBxXqfxfZy9VrjUPyxtCkIUGAXG', '2025-10-26 19:21:32', 'tienda', 'images/profiles/tienda_8778.png'),
(8779, 'Phone House Manises', '$2y$10$9nRHwvYBniTgl6KCd/VMB.spBH1TxIUIiWOG4apJ2s6cpGNjUhTa6', '2025-10-26 19:21:32', 'tienda', 'images/profiles/tienda_8779.png'),
(8780, 'Phone House Paterna', '$2y$10$xGtbb3/CyCex6pBnKXXUKu1W5Ie5HaKVCgjbZjsJscgFUmW0ig1Ri', '2025-10-26 19:21:32', 'tienda', 'images/profiles/tienda_8780.png'),
(8781, 'Phone House Mislata', '$2y$10$UstE1EOnQ1L4Z3txyulhEOYxZH8XP6YNGgVH5hKiouRnwOfvz8UAu', '2025-10-26 19:21:32', 'tienda', 'images/profiles/tienda_8781.png'),
(8782, 'Phone House Torrent', '$2y$10$Ah0/JlOqFSzFYPI9gCB9WOBzuD.Kb4MSplYwmkiZXwkHj/g0zOWvC', '2025-10-26 19:21:32', 'tienda', 'images/profiles/tienda_8782.png');

-- --------------------------------------------------------

--
-- Estructura de tabla para la tabla `ventas`
--

CREATE TABLE `ventas` (
  `id` int(11) NOT NULL,
  `cliente_id` int(11) NOT NULL,
  `usuario_id` int(11) NOT NULL,
  `descripcion` text NOT NULL,
  `fecha` date NOT NULL,
  `fecha_creacion` timestamp NOT NULL DEFAULT current_timestamp()
) ENGINE=InnoDB DEFAULT CHARSET=utf8mb4 COLLATE=utf8mb4_spanish_ci;

--
-- Índices para tablas volcadas
--

--
-- Indices de la tabla `actividades`
--
ALTER TABLE `actividades`
  ADD PRIMARY KEY (`id`),
  ADD KEY `idx_actividades_cliente` (`cliente_id`),
  ADD KEY `idx_actividades_fecha` (`fecha`);

--
-- Indices de la tabla `clientes`
--
ALTER TABLE `clientes`
  ADD PRIMARY KEY (`id`),
  ADD KEY `idx_clientes_usuario` (`usuario_id`);

--
-- Indices de la tabla `cliente_etiqueta`
--
ALTER TABLE `cliente_etiqueta`
  ADD PRIMARY KEY (`id`),
  ADD KEY `cliente_id` (`cliente_id`),
  ADD KEY `etiqueta_id` (`etiqueta_id`);

--
-- Indices de la tabla `etiquetas`
--
ALTER TABLE `etiquetas`
  ADD PRIMARY KEY (`id`);

--
-- Indices de la tabla `notas`
--
ALTER TABLE `notas`
  ADD PRIMARY KEY (`id`),
  ADD KEY `cliente_id` (`cliente_id`);

--
-- Indices de la tabla `usuarios`
--
ALTER TABLE `usuarios`
  ADD PRIMARY KEY (`id`);

--
-- Indices de la tabla `ventas`
--
ALTER TABLE `ventas`
  ADD PRIMARY KEY (`id`),
  ADD KEY `usuario_id` (`usuario_id`),
  ADD KEY `idx_ventas_cliente` (`cliente_id`),
  ADD KEY `idx_ventas_fecha` (`fecha`);

--
-- AUTO_INCREMENT de las tablas volcadas
--

--
-- AUTO_INCREMENT de la tabla `actividades`
--
ALTER TABLE `actividades`
  MODIFY `id` int(11) NOT NULL AUTO_INCREMENT, AUTO_INCREMENT=525;

--
-- AUTO_INCREMENT de la tabla `clientes`
--
ALTER TABLE `clientes`
  MODIFY `id` int(11) NOT NULL AUTO_INCREMENT, AUTO_INCREMENT=251;

--
-- AUTO_INCREMENT de la tabla `cliente_etiqueta`
--
ALTER TABLE `cliente_etiqueta`
  MODIFY `id` int(11) NOT NULL AUTO_INCREMENT, AUTO_INCREMENT=764;

--
-- AUTO_INCREMENT de la tabla `etiquetas`
--
ALTER TABLE `etiquetas`
  MODIFY `id` int(11) NOT NULL AUTO_INCREMENT, AUTO_INCREMENT=22;

--
-- AUTO_INCREMENT de la tabla `notas`
--
ALTER TABLE `notas`
  MODIFY `id` int(11) NOT NULL AUTO_INCREMENT, AUTO_INCREMENT=547;

--
-- AUTO_INCREMENT de la tabla `ventas`
--
ALTER TABLE `ventas`
  MODIFY `id` int(11) NOT NULL AUTO_INCREMENT;

--
-- Restricciones para tablas volcadas
--

--
-- Filtros para la tabla `actividades`
--
ALTER TABLE `actividades`
  ADD CONSTRAINT `actividades_ibfk_1` FOREIGN KEY (`cliente_id`) REFERENCES `clientes` (`id`) ON DELETE CASCADE ON UPDATE CASCADE;

--
-- Filtros para la tabla `clientes`
--
ALTER TABLE `clientes`
  ADD CONSTRAINT `clientes_ibfk_2` FOREIGN KEY (`usuario_id`) REFERENCES `usuarios` (`id`) ON UPDATE CASCADE;

--
-- Filtros para la tabla `cliente_etiqueta`
--
ALTER TABLE `cliente_etiqueta`
  ADD CONSTRAINT `cliente_etiqueta_ibfk_1` FOREIGN KEY (`cliente_id`) REFERENCES `clientes` (`id`) ON DELETE CASCADE,
  ADD CONSTRAINT `cliente_etiqueta_ibfk_2` FOREIGN KEY (`etiqueta_id`) REFERENCES `etiquetas` (`id`);

--
-- Filtros para la tabla `notas`
--
ALTER TABLE `notas`
  ADD CONSTRAINT `notas_ibfk_1` FOREIGN KEY (`cliente_id`) REFERENCES `clientes` (`id`) ON DELETE CASCADE;

--
-- Filtros para la tabla `ventas`
--
ALTER TABLE `ventas`
  ADD CONSTRAINT `ventas_ibfk_1` FOREIGN KEY (`cliente_id`) REFERENCES `clientes` (`id`) ON DELETE CASCADE ON UPDATE CASCADE,
  ADD CONSTRAINT `ventas_ibfk_2` FOREIGN KEY (`usuario_id`) REFERENCES `usuarios` (`id`) ON UPDATE CASCADE;
COMMIT;

/*!40101 SET CHARACTER_SET_CLIENT=@OLD_CHARACTER_SET_CLIENT */;
/*!40101 SET CHARACTER_SET_RESULTS=@OLD_CHARACTER_SET_RESULTS */;
/*!40101 SET COLLATION_CONNECTION=@OLD_COLLATION_CONNECTION */;
